English Phrase,Meanings,Acts,Hindi Translation
a.m.,ante meridian,,पूवार्ह्न
abandon,"to give up; to leave without help; to surrender control or possession, frequently with the knowledge that the thing abandoned is left for the mercy of someone or something else","s. 68(2), T.P. Act",प�रत् याग करना
abandon any of the objects,,"s. 17(1)(e), Companies Act",उद्देश् य� म� से �कसी को प�रत् यक् त करना
abandon his application,,"s. 21(2), Trade and Merchandise Marks Act",अपने आवेदन का प�रत् याग करना
abandoned assets,,,प�रत् यक् त आस् �तया ं
abandonment,the action of abandoning,"s. 30, expln., Indian Evidence Act, s. 4(c), Gift-tax Act and art. 39(f), Const.",प�रत् याग
abandonment of child,,"s. 317, I.P.C.",�शश ुका प�रत् याग
abandonment of works,,,संकमर् प�रत् याग
abate,1. to put an end to; to curtail,"Or. 22, r. 1, C.P.C.",उपशमन करना
abate in equal proportion,,"s. 49(2), Presidency-towns Insolvency Act",समान अनुपात म� कमी होना
abatement,1. the action of abating; being abated,"Or. 22, r. 1, C.P.C.",उपशमन
abatement by reason of death,,"Or. 22, r. 6, C.P.C.",मतृ् यु के कारण उपशमन
abatement certificate,,,उपशमन प्रमाणपत्र
abatement made by application of bonus,,"IVth sch., form H para 7, Insurance Act",बोनस के उपयोजन द्वारा क� गई कमी
abatement of duty on damaged or deteriorated goods,,"s. 22, Customs Act",उस माल पर शुल् क क� कमी िजसका नुकसान या �य हो गया है
abatement of legacies,"the proportional diminution or reduction of the pecuniary legacies, when the funds or assets out of which such legacies are payable are not sufficient to pay them in full",,वसीयत संपदा म� कमी
abatement of nuisance,,"s. 44C, Inland Vessels Act",न् यूस�स का उपशमन
abatement of rent,,"s. 7(xi)(f), Court-fees Act",भाटक का उपशमन
abatement of suit,,"Or. 22, r. 1, C.P.C.",वाद का उपशमन
abatement of suit and bar of suit,,,वाद का उपशमन और वाद का वजर्न
abatement of water pollution,,"s. 16(2)(h), Water (Prevention and Control of Pollution) Act",जल प्रदषूण का उपशमन
plea in,a plea taken with reference to actions at law to the effect that the action is utterly dead and cannot be revived except by commencing a new action,,उपशमन-अ�भवाक्
abbreviation,a shortened form of a written word or phrase used for brevity in place of the whole,s. 98. Indian Evidence Act,सं�ेपा�र
abbreviation of a name,,"s. 2(1)(k), Trade and Merchandise Marks Act",नाम का सं�ेप
abduct,to take away,(especially a person) by fraud or,
abduction,the action of abducting,"s. 362, I.P.C.",अपहरण
mental,"unsoundness of the mind, especially unsoundness insufficient to constitute insanity",,मान�सक �वपथन
abet,to instigate or encourage the commission of a crime,"s. 3(1), General Clauses Act and s. 278, Income-tax Act",दषु् पे्ररण
abetment,the action or fact of abetting,"s. 30. expln.. Indian Evidence Act, s. 278, Income-tax Act and ss. 89, fourthly, 107, 132, 135 and 138. I.P.C.",दषु् पे्ररण
abetment of false returns,,"s. 22, Companies (Profits) Surtax Act",�मथ्या �ववर�णय� का दषु् पे्ररण
abettor,one who abets the commission of a crime,"ss. 108 and 445, firstly, I.P.C.",दषु् पे्ररक
abettor of the offence,,"s. 445, secondly, I.P.C.",अपराध का दषु् पे्ररक
abeyance,a state of suspension,,प्रास् थगन
abide by,,"art. 51A(a), Const.",पालन करना
ability,the quality or state of being able,,योग् यता
abjure violence,,"art. 51A(i), Const.",�हसंा से दरू रहना
able,having sufficient power or capacity,,समथर्
bodied,,,समथा�ग
able seaman,,,योग् य ना�वक
abnormal profit,,"s. 349(4)(d), Companies Act",अप्रसामान् य लाभ
aboard an unregistered ship,,"s. 2(2), Citizenship Act",�कसी अरिजस् ट्र�कृत पोत के फलक पर
place of,,,�नवास-स् थान
abolish,to put an end to; to demolish or destroy,"(mainly of institutions, customs and practices)",उत् सा�दत करना
is,,"art. 17, Const.",अंत �कया जाता है
abolition,,"s. 15(e), Jawaharlal Nehru University Act, s. 27(1)(d), Coir Industry Act and art. 110(1)(a) and art. 117(1), prov., Const.",उत् सादन
abolition of posts,,,पद� का अंत
abolition of privy purses,,"long title, Rulers of Indian States (Abolition of Privileges) Act",�नजी थैल� क� समाप् �त
abolition of titles,,"art. 18, margin, Const.",उपा�धय� का अंत
abolition of untouchability,,"art. 17, margin, Const.",अस् पशृ् यता का अंत
abolition or creation of Legislative Councils in States,,"art. 169, margin, Const.",राज् य� म� �वधान प�रषद� का उत् सादन या सजृन
aboriginal,,,आ�दवासी
aboriginal welfare officers,,,आ�दवासी कल् याण अ�धकार�
abortive,1. fruitless,"s. 7(2)(i)(b), Indian Telegraph Act",बेकार
abortive exploration expenses,,"s. 42(a), Income-tax Act",�नष् फल खोज के खच�
abortive trial,a trial in which no verdict is reached without any improper act or conduct of the parties,,�नष् फल �वचारण
about to take steps,,"s. 18(1), Arbitration Act",कदम उठाने वाला
above all,beyond every other consideration,,सव�प�र
above ground,,"s. 2(2)(b), Mines Act",भू�म के ऊपर
above named plaintiff,,"sch. I, app. A, form No. 38, C.P.C.",उक् त वाद�
above par,,,अ�धमूल् य पर
referred to,,"Or. 41, r. 14(2), C.P.C.",ऊपर �न�दर्ष् ट
above the rank of,,"s. 34, Prevention of Cruelty to Animals Act",क� पंक् �त के ऊपर
abrasion,superficial injury to skin or mucous membrane from scrapping or rubbing art,,खर�च
abrasive wheel,,"s. 30(1), Factories Act",अपघष� चक्र
abridge abridge,to make shorter; to curtail; to diminish,,न् यूनन
abridgement,cutting short; abbreviation preserving the essence,,न् यूनन
abridgement of the work,,"s. 2(a)(iii), Copyright Act",कृ�त का सं�ेपण
abridges any of the rights,,"art. 31A, Const.",�कसी अ�धकार को न् यून करता है
resident,,"s. 230(1), Indian Contract Act",�वदेश �नवासी
abrogate,"to abolish by official, authoritative or formal action; to annul a formal law by an act of the legislative power","s. 4, Navy Act",�नराकृत होना
abrogate the right guaranteed,,,गारंट� �कए गए अ�धकार को �नराकृत करना
abrogating any right,,s. 16. Copyright Act,�कसी अ�धकार को �नराकृत करना
abrogation,,"s. 2(50), Companies Act",�नराकरण
abscond,"to hide away, especially to escape arrest; to go out of the jurisdiction of the court to conceal oneself in order to avoid legal process or to escape arrest","s. 8, ill., (h), Indian Evidence Act",फरार होना
absconded or departed,,"s. 32, Provincial Insolvency Act",फरार हो गया है या चला गया है
absconder,one who absconds; one who hides to escape a legal process,,फरार�
absconding debtor,,,फरार ऋणी
absconding person,a person against whom a warrant has been issued and who has absconded so that such warrant cannot be executed,"ss. 82 and 83, Cr. P.C.",फरार व् यक् �त
absence,1. being wanting or non,-existing,
absence abroad,,"s. 90(7), Presidency-towns Insolvency Act",�वदेश वास के कारण अनुपस् �थ�त
absence allowance,,"s. 280(2)(e), Cantonments Act",अनुपस् �थ�त भत् ता
absence from duty,,,कतर्व् य से अनुपस् �थ�त
owing to,,"art. 65(2), Const.","अनुपस् �थ�त, बीमार� या अन् य �कसी कारण से"
during the,,"art. 91(2), Const.",क� अनुपस् �थ�त म�
absence of evidence,,"s. 35, ill., T.P. Act",सा� य का अभाव
absence of person,,"s. 8, ill. (e), Indian Evidence Act",व् यक् �त क� अनुपस् �थ�त
absence on duty in his district,,,अपने िजले म� अन् यत्र कतर्व् यारूढ़ होने के कारण अनुपस् �थ�त
absence without leave,,"ss. 29(1) and 133(4), Navy Act and s. 92(b), Air Force Act",
absent,1. not present; being away in another place,"s. 26(1), prov., Representation of the People Act, 1951",अनुपस् �थत
absent from duty,,,ड्यूट� से अनुपस् �थत
absent on leave,,"2nd sch., para 11(b)(ii), Const.",छुट्ट� लेकर अनुपस् �थत
absent otherwise than on duty,,"s. 10(1), Registration Act",कतर्व् यारूढ़ होने से अन् यथा अनुपस् �थत
physically,,,वस् तुत: अनुपस् �थत
absent without leave,,"s. 13(1)(b), Unit Trust of India Act and s. 13(2)(b), Industrial Finance Corporation Act",इजाजत के �बना अनुपस् �थत
absorb absentation from intoxicants,,"s. 4(4), Probation of Offenders Act",मादक पदाथ� से प्र�वरत रहना
absentee,,,अनुपस् �थत
absentee statement,,,अनुपस् �थ�त �ववरण
absolute,1. unqualified; free from external restraint or limitation,"s. 58(c), T.P. Act",आत् यं�तक
absolute deafness,,,पूणर् ब�धरता
absolute discharge,,"second sch., item (42), Provincial Insolvency Act",आत् यं�तक उन् मोचन
absolute interest,,,आत् यं�तक �हत
absolute discretion,,,पूणर्त: �ववेकाधीन
absolute liability,liability irrespective of intention or negligence such as liability for the escape of dangerous things,,आत् यं�तक दा�यत् व
absolute majority,a majority comprising more than half of the total number of votes,"s. 132(1), Army Act",स् पष् ट बहुमत
absolute or conditional,,"s. 129, Companies Act",आत् यं�तक या सशतर् रूप से
order made,,"s. 133(1), Cr. P.C.",आदेश को अं�तम 2 करना
absolute order of discharge,,"s. 38(2)(a), Presidency-towns Insolvency Act and s. 41(2)(a), Provincial Insolvency Act",उन् मोचन का आत् यं�तक आदेश
absolute owner,person capable of disposing the whole interest in immoveable property although it is charged or encumbered,"first sch., app. A, No. 13(2) and No. 35, C.P.C.",आत् यं�तक स् वामी
absolute power of disposition,,"s. 23, expln., 1, Estate Duty Act",व् ययन क� आत् यं�तक शक् �त
absolute privilege,,,�नरपे� �वशेषा�धकार
absolute right,,"sch. I, table A, interpretation 6, Companies Act",आत् यं�तक अ�धकार
absolute title,,,आत् यं�तक हक
absolute undertaking,,"s. 3, Indian Carriage of Goods by Sea Act",स् पष् ट प�रवचन
absolute warranty of seaworthiness,,"s. 3, Indian Carriage of Goods by Sea Act",यात्रा-योग् यता क� स् पष् ट वारंट�
absolutely,in an absolute manner or degree; without condition or limitation,"ss. 7, 67 and 135, T.P. Act",आत् यं�तक रूप से
absolutely debarred,,"first sch., app. D, form No. 3(5), C.P.C.",आत् यं�तकत: �वविजर्त
absolutely foreclosed,,"first sch., app, D. form No. 3(5), C.P.C.",आत् यं�तकत: पुरोबं�धत
absolutely or conditionally,,"s. 7, T.P. Act",आत् यं�तक रूप से या सशतर्
absolutely restraining the transferee,,"s. 10, T.P. Act",जो अंत�रती को आत् यं�तकत: अवरुद्ध करती है
transfer,,,आत् यं�तक रूप से अंतरण करना
absolutely vested,,"s. 135, T.P. Act",आत् यं�तक रूप से �न�हत
absolutely void in law,,"s. 49(d)(1), Indian Stamp Act",�व�ध क� दृष् �ट से पूणर् रूप से शून् य
absolve from liability,,"s. 342(2), Companies Act",दा�यत् व से मुक् �त पा जाना
absorb,to take in; to assimilate,"s. 12(1)(f), International Airports Authority Act",आमे�लत करना
absorb in regular service absorb in regular service,,"s. 12(1)(f), International Airports Authority Act",�नय�मत सेवा म� आमे�लत करना
absorbed areas,,"s. 2(b), Absorbed Areas (Laws) Act",आमे�लत �ेत्र
absorbed employee,,"s. 2(a), Goa, Daman and Diu (Absorbed Employees) Act",आमे�लत कमर्चार�
absorbed post,,"s. 2(b), Goa, Daman and Diu (Absorbed Employees) Act",आमे�लत पद
absorbing State,,"s. 2(a), Merged States (Laws) Act",आमेलक राज् य
abstain,to keep oneself away,(from,)
abstain from a certain act,,"s. 144(1), Cr. P.C.",कायर्-�वशषे न करना
abstaining,,,प्र�वरत रहना
abstention,the action of abstaining,"s. 2(20), Employees",’
abstention from work,,"s. 2(20), Employees",’
abstinence,the action or practice of abstaining,"s. 2(a), Indian Contract Act",प्र�वर�त
abstract,a summary or an epitome,"s. 62, Mines Act and s. 165(3)(c), Companies Act",सं��प् त
abstract book,,,सार पुस् �तका
abstract contingent bill,,,सं��प् त आकस् �मक व् यय �बल
in the,,,�सद्धांत रूप म�
abstract of tender,,,�न�वदा का सार
abstract of the instrument,,"s. 31(2), Indian Stamp Act",�लखत क� सं��प् �त
abstract of the receipts of the company,,"s. 165(3)(c), Companies Act",कंप�नय� क� प्राप् �तय� का सार
abstract theory,,"s. 3(c), Patent Act",अमूतर् �सद्धांत
abstracting water,,"s. 20(2), Water (Prevention and Control of Pollution) Act",जल �नकालना
abstraction,,"s. 39, Indian Electricity Act",�नकालना
abstractor,,,सं�ेपकार
absurd,,,अथर्ह�न
absurd argument,,,हास् यास् पद तकर्
absurdity,,,अथर्ह�नता
abuse,1. misuse ; improper use ; perversion,"s. 482, Cr. P.C.",दरुुपयोग
abuse of powers,,,शक् �तय� का दरुुपयोग
,improper use of a regular legal process by which an unfair advantage is obtained by a party to the proceeding over an opponent,"s. 482, Cr. P.C.",कायर्वाह� का दरुुपयोग
abusive language,,"s. 120(b), Indian Railways Act",गाल�-गलौज क� भाषा
abut,,"s. 2(iia), Cantonments Act",लगा होना
abutting,having a common boundary with,"s. 52(2)(i), Inland Vessels Act",संस् पश�
abutting navigable channels,,"s. 52(2)(i), Inland Vessels Act",नौप�रवहनीय जलमाग� से संस् पश�
academic,,,�वद्या संबंधी
academic advisory committee,,"s. 14, Jawaharlal Nehru University Act",�वद्या सलाहकार स�म�त
academic body,,"s. 13(1), Jawaharlal Nehru University Act",शै��णक �नकाय
acceptance academic council,,"s. 3(2), Jawaharlal Nehru University Act and s. 2(a), Aligarh Muslim University Act",�वद्या प�रषद्
academic distinctions,,"s. 6(1)(b), Institutes of Technology Act",�वद्या संबंधी �वशेष उपा�धया ं
academic education,,"s. 71A(c)(iii), Indian Railways Act",शास् त्रीय �श�ा
academic institution,,,शै��णक ससं् था
academic interest,,"sch., statute 19(c), Aligarh Muslim University",शै��णक �हत
academic life,,"s. 29(1)(n), Aligarh Muslim University Act",शै��णक जीवन
academic life of the university,,"s. 26(m), North-Eastern Hill University Act",�वश् व�वद्यालय का शै��णक जीवन
academic matter,,"s. 33(2)(a), Institutes of Technology Act",शै��क �वषय
academic merit,,,शै��णक योग् यता
academic officer,,"s. 19(2), Aligarh Muslim University Act",शै��णक अ�धकार�
academic performances,,"sch., 2, 15(7)(b), Visva Bharati Act",शै��णक उपलब् �धयां
academic policy,,"s. 25(1), Aligarh Muslim University Act",शै��णक नी�त
academic post,,"s. 5(6), University of Hyderabad Act",शै��णक पद
academic qualifications,,,शै��णक योग् यताएं
academic session,,"sch., statute 29(2)(b)(i), Aligarh Muslim University Act",शै��णक सत्र
academic staff,,"s. 27(k), Aligarh Muslim University Act",शै��णक कमर्चा�रवृंद
,,"s. 14(2)(a), Jawaharlal Nehru University Act",अशै��णक कमर्चा�रवृंद
academic step,,"s. 5(2), North-Eastern Hill University Act",शै��णक कायर्वाह�
academic work,,"sch., statute 25(1), Aligarh Muslim University Act",शै��णक कायर्
academic year,,,शै��णक वषर्
academy,"society of listed individuals united for advancement of art, science or literature; a school above the elementary level",,अकादमी
accede to,,"s. 517(1), Companies Act",सम् �म�लत होना
acceding State,,"s. 3, Government Trading Taxation Act",सम् �म�लत होने वाला राज् य
acceding to,,,अंगीकार करना
acceding to convention,,"art. 12(2), Foreign Awards (Recognition and Enforcement) Act",कन् व�शन को अंगीकार करना
accelerate the death,,"s. 299, expln. I, I.P.C.",मतृ् यु त् व�रत कर देना
acceleration of estate,,,संपदा क� त् व�रत प्राप् �त
accept,to take or receive with consenting mind,"s. 2(b), Indian Contract Act",प्र�तग्रहण करना
accept the confidence,,"s. 3, Indian Trusts Act",�वश् वास प्र�तगहृ�त करना
accept the plea,,,अ�भवाक् प्र�तगहृ�त करना
acceptability,,,स् वीकायर्ता
acceptable,worthy or likely to be accepted,,प्र�तग्राह्य
acceptance,the action or fact of accepting; in its widest sense it is the act of assenting to an offer,"ss. 35 and 112, T. P. Act",प्र�तग्रहण
general,,,साधारण स् वीकृ�त
acceptance house,1.,,स् वीकृ�त गहृ
acceptance must be absolute,,"s. 7, Indian Contract Act",प्र�तग्रहण आत् यं�तक होना ह� चा�हए
acceptance of bill,the signification by the drawee of his assent to the order of a drawer,,�व�नमय पत्र का प्र�तग्रहण
acceptance of promise,,"s. 9, Indian Contract Act",वचन का प्र�तग्रहण
acceptance of proposal,,"s. 3, Indian Contract Act",प्रस् थापना का प्र�तग्रहण
acceptance of tender,,,�न�वदा क� स् वीकृ�त
qualified,,,सापे� स् वीकृ�त
acceptances,,,स् वीकृत हंुडी
acceptances book,,,स् वीकार बह�
accepted as authentic,,"s. 52(r)(ii), prov., Copyright Act",अ�धप्रमा�णत रूप म� स् वीकृत
accepted as correct,,"s. 9(b), Companies (Profits) Surtax Act",ठ�क मान कर स् वीकृत कर ल� गई
acceptor,one who accepts,"s. 7, Negotiable Instruments Act",प्र�तग्रह�ता
acceptor for honour,,"s. 7, Negotiable Instruments Act",आदरणाथर् प्र�तग्रह�ता
acceptor of bill of exchange,the person who accepts a bill of exchange,(generally the drawee) or who engages to be primarily responsible for its payment,
acceptor supra protest,"one who accepts a protested bill of exchange on which he is not already liable for the honour of some party to the bill, the accept, being liable to the holder and all parties subsequent to the one for whose honour he accepts","s. 7, Negotiable Instruments Act",प्रसा� याधीन प्र�तग्रह�ता
access,"1. approach, or the means, power, or opportunity of approaching; an opportunity for sexual intercourse","s. 112, Indian Evidence Act and s. 55(1), C.P.C.",पहंुच
access and use of light,,"s. 25(1), Limitation Act",प्रकाश का प्रवेश और उपयोग
access by scaling or climbing over any wall,,"s. 445, secondly, I.P.C.",�कसी द�वार पर सीढ़� द्वारा या अन् यथा चढ़कर पहंुच
accessible,1. capable of being reached,"s. 12, Beedi and Cigar Workers (Conditions of Employment) Act",पहंुच म�
accessible place,,"s. 3E, Employment of Children Act",सुगम स् थान 4
accessibility,,"s. 18(1), Indian Electricity Act",पहंुच
accession,1. coming to as an addition; the mode of acquiring property by which the owner of a corporal substance,"(as land or cattle) becomes the owner of addition by growth, increase or",
instrument of,,"art. IX(2), Foreign Awards Act",अंगीकार पत्र
accession to office,,,पदारोहण
accommodation for the crossing of a road accessory,1. an object or device is not essential in itself but that adds to the convenience or effectiveness of something else; an adjunct or accompaniment,"s. 2(a)(iii), Essential Commodities Act and fifth sch., item 8, Income-tax Act",उपसाधन
accessory licence,a licence necessary for the enjoyment of any interest or the exercise of any right,"s. 55, Indian Easements Act",समनुषं�गक अनु�प् �त
accessory obligation,an obligation subordinate to the main or principal one; such as an obligation to pay annual rent under a lease,,उपबाध् यता
accessory of an automobile,,"s. 2(a)(iii), Essential Commodities Act",मोटर गाड़ी का उपसाधन
accessory products,,,समनुषं�गक उत् पाद
accessory right,a right supplementary or secondary to a right of greater or primary importance,"s. 24, Indian Easements Act",समनुषं�गक अ�धकार
accessory to,,"s. 30(1)(c), Trade and Merchandise Marks Act",का उपसाधन
accident,"1. a sudden event occurring without intent or volition whether through negligence, carelessness, unawareness, ignorance or a combination of causes and producing an unfortunate result; an unexpected happening causing loss or injury which is not due to the fault of the person","s. 80, I.P.C.",दघुर्टना
accident at sea,,"s. 82(1), Indian Railways Act",समदु्र पर दघुर्टना
accident of the sea,,"sch., art. IV(2)(c), Indian Carriage of Goods by Sea Act",समुद्र क� दघुर्टना
accident prone area,,,दघुर्टना संभा�वत �ेत्र
accidental,happening by or pertaining to chance,"s. 15, Indian Evidence Act and s. 57(v), Mines Act",आकस् �मक
accidental fire,,"s. 33B(iii), Income-tax Act",आकस् �मक आग
accidental omission,,"s. 152, C.P.C., s. 172(3), Companies Act and s. 40(2), Children Act",आकस् �मक लोप
accidental slip,,"s. 152, C.P.C. and s. 40(2), Children Act",आकस् �मक भूल
accidentally,in an accidental manner; without intention or design,"s. 58(1) (a), Representation of the People Act, 1951",घटनावश
fortuitous,,"Rules for Policy, para 7, Marine Insurance Act",आकस् �मक दघुर्टनाएं
accidents investigation officer,,,दघुर्टना अन् वेषण अ�धकार�
accommodation,1. anything which serves the need of residence,"s. 55(1), C.P.C.",वास-सु�वधा
accommodation and conveyance,,"s. 50(d), Indian Railways Act",स् थान-सु�वधा और प्रवहण
as an,,"s. 44, ill., Negotiable Instruments Act",सौकयर् के �लए
accommodation draft,,,सौकयर् ड्राफ्ट
accommodation for the crossing of a road,,"s. 11(3)(c), Indian Railways Act",सड़क पार करने के �लए सु�वधा
accommodation free of charge accommodation free of charge,,"s. 198(4), expln. (a), Companies Act",प्रभार-मुक् त वास
accommodation holding,,,वास प्र�ेत्र
house,,"s. 2(vi)(e)(2), Payment of Wages Act",गहृवास सु�वधा
housing,,"s. 10(20A), Income-tax Act",�नवास- स् थान
accommodation letter,,,सौकयर् पत्र
accommodation note,,,सौकयर् पत्र
accommodation note or bill,"a note or bill made, drawn, accepted or endorsed by one person for another without consideration to enable that other to raise money or obtain credit thereby","s. 59, prov., Negotiable Instruments Act",सौकयर् पत्र या �वपत्र
accommodation of persons,,"s. 3(2)(b), Requisitioning and Acquisition of Immovable Property Act",व् यक् �तय� क� वास- सु�वधा
accommodation of travellers,,"sch. I, table D, item 3, Companies Act",या�त्रय� का आवासन
accommodation officer,,,आवास अ�धकार�
accommodation works,,"s. 11(3)(a), Indian Railways Act",सु�वधा संकमर्
accomplice,one concerned with another or others in the commission of offence; an associate in crime or guilt,"ss. 114, ill. (b), 133, Indian Evidence Act and s. 192, ill. (c), I.P.C.",सह अपराधी
accomplish,to complete,"s. 148, Indian Contract Act",पूरा करना
accomplishment of purpose,,,प्रयोजन पूरा होना
accord and satisfaction,mutual agreement and fulfilment of obligation,,समझौता और तुष् �ट
in,,"s. 12(1), Maternity Benefit Act",के अनुसार
given or granted,,"s. 629A, Companies Act",द� गई या 5 अनुद� क� गई
according as the state of business,,"s. 3, Civil Courts Amins Act",काम क� अपे�ानुसार
according to,,"s. 235(2), Cr. P.C.",के अनुसार
according to law,,"s. 235(2), Cr. P.C.",�व�ध के अनुसार
accordingly,in accordance with the premises,"s. 117, Cr. P.C.",तदनुसार
account,1. a statement of moneys received and paid with calculation of balance,,लेखा
abstract,,,सार लेखा
bad debt reserve,,,डूबंत ऋण आर��त लेखा
bad debts,,,डूबंत ऋण लेखा
balance an,,,लेखा संतु�लत करना
balance on,,,लेखा संतुलन
banking,,"s. 19(2)(b), Indian Partnership Act",ब�क म� खाता
account book,,"ss. 34, ill. and 126, expln., ill. (c), Indian Evidence Act and s. 2(3), Bankers",'
brokerage,,,दलाल� लेखा
capital,,,पंूजीगत लेखा
cash,,,रोकड़ लेखा
account circle,,,लेखा स�कर् ल
clear an,,,लेखा शोधन
account clerk,,,लेखा �ल�पक
close an,,,खाता बंद करना
commission,,,कमीशन लेखा
consignment,,,परेषण लेखा
contract,,,सं�वदा लेखा
controlling,,,�नयंत्रक लेखा
cost,,,लागत लेखा
current,"the amount of money a person has deposited at a bank or which he can draw from or add to as may be desired, generally no interest being chargeable on either side",,चालू खाता
deficiency,,,कमी लेखा
departmental,,,�वभागीय लेखा
deposit,,,जमा लेखा
depreciation,,,अव�यण लेखा
direct,,,प्रत् य� लेखा
discount,,,बट्टा लेखा
doubtful debt,,,शकंास् पद ऋण लेखा
account down to the time,,"s. 571(2), Companies Act",समय तक का खाता
drawing,,,आहरण लेखा
duplicate,,"s. 203, Indian Succession Act",दोहरा लेखा
exchange,,,�व�नमय लेखा
falsification of,,,�मथ् या लेखा बनाना
fictitious,,,बनावट� लेखा
final,,,अं�तम लेखा
finance,,,�व� लेखा
fixed deposit,,,साव�ध जमा लेखा
account for,1. to give an account of; to answer for,"s. 195, ill. (b), Indian Contract Act and s. 27C(2), Emigration Act",लेखा- जोखा देना
account for the proceeds,,"s. 195, ill. (b), Indian Contract Act",आगम� का लेखा-जोखा देना
goods,,,माल लेखा
account head,,,लेखा शीषर्
impersonal,,,अवैयक् �तक लेखा
income and expenditure,,,आय-व् यय लेखा
indemnity insurance,,,��तपू�त र् बीमा लेखा
initial,,,प्रारं�भक लेखा
account is to be taken or vouched,,"Or. 20, r. 17, C.P.C.",लेखा �लया जाना है या प्रमा�णत �कया जाना है
joint,,,संयुक् त खाता
account jurisdiction,,,लेखा अ�धका�रता
account keeping,,,लेखा पालन
leave out of,,,गणना म� से छोड़ना
mines,,,खान लेखा
miscellaneous,,,प्रक�णर् लेखा
account month,,,लेखा मास
multiple cost,,,बहु�वध लागत लेखा
nominal,,,आय-व् यय लेखा
account of activities account of activities,,"s. 25(1), International Airports Authority Act",�क्रयाकलाप� का �ववरण
account of interest demand,,,ब् याज मागं लेखा
account of issues,,,�नगर्म लेखा
on,,"s. 76(h), T.P. Act",के मद्धे
account of profits,,"s. 108, Patents Act",लाभ लेखा
account of the credits,an account of the credit side entries,,पावन� का लेखा
account of the winding up,,"s. 497(1)(a), Companies Act",प�रसमापन का व�ृांत
on,,"s. 3, High Denomination Bank Notes (Demonetisation) Act",उस लेखे म� 6
on his,,"sch. I, app. A, form No. 6, C.P.C",उसके लेखे
open,,"sch., art. 1, Limitation Act",खुला खाता
account opened,,"s. 10(3), Foreign Exchange Regulation Act",खोला गया खाता
operation,,,प�रचालन लेखा
output cost,,,उत् पादन लागत लेखा
payee,,,पाने वाले का लेखा
account payee,,,पा/खाता
account payee cheque,,,पाने वाले के खाते म� देय चकै
personal,,,वैयक् �तक लेखा
petty cash,,,खुदरा रोकड़ लेखा
post in,,,खाते म� प्र�वष् ट करना
private,,,प्राइवेट लेखा
profit and loss,,,लाभ-हा�न लेखा
profit and loss adjustment,,,लाभ-हा�न समायोजन लेखा
profit and loss appropriation,,,लाभ-हा�न �व�नयोजन लेखा
proforma,,,प्रोफामार् लेखा
progressive,,,प्रगामी लेखा
property,,,सपं�� लेखा
public,,,लोक लेखा
purchase,,,क्रय लेखा
purchase ledger adjustment,,,क्रय खाता समायोजन लेखा
,,,वास् त�वक (संप��) लेखा
realisation,,,नकद�करण लेखा
receipts and payments,,,प्राप् �त और संदाय लेखा
regular,,,�नय�मत लेखा
reserve,,,आर��त �न�ध लेखा
residuary,,,अव�शष् ट लेखा
account return,,,लेखा �ववरणी
revenue,,,राजस् व लेखा
rough,,,कच् चा लेखा/खाता
royalties suspense,,,स् वा�मस् व उचंत लेखा
running,,,चाल ूखाता
salaries,,,वेतन लेखा
sales guard book,,,�वक्रय गाडर् बुक लेखा
separate,,,पथृक् खाता
account shall also be taken of the deductions,,"s. 34(2), expln., Income-tax Act",कटौ�तय� को भी �हसाब म� �लया जाएगा
shall not taken into,,,नह� ं �गना जाएगा
accounting year account shall not be taken,,"s. 43A, second prov., Companies Act",�गनती म� न �लया जाएगा
account should be taken,,"Or. 20, r. 16, C.P.C.",लेखा �लया जाना
single,,,एकल लेखा
single cost,,,एकल लागत लेखा
sinking fund investment,,,�न�ेप �न�ध �व�नधान लेखा
sold ledger investment,,,�वक्रय खाता समायोजन लेखा
special goods,,,�वशेष माल लेखा
stock,,,स् टाक लेखा
store,,,भंडार लेखा
subsidiary,,,सहायक लेखा
take into,1. to notice,,�वचार करना
terminal,,,साव�ध लेखा
trading,,,व् यापार लेखा
trading and profit and loss,,,व् यापार तथा लाभ-हा�न लेखा
trust,,,न् यास लेखा
value,,,मलू् य लेखा
voyage,,,समुद्र यात्रा लेखा
wages,,,मजदरू� लेखा
workshop,,,कमर्शाला लेखा
write off an,,,लेखा बट्टे खाते डालना
accountable,,"s. 14, Charitable Endowments Act",जवाबदार
accountable or liable,,"s. 543(1)(a), Companies Act",दा�यत् वाधीन या लेखादायी
accountable person,,"s. 2(12A), Estate Duty Act",लेखादायी व् यक् �त
accountancy,the profession or practice of accounting,"s. 288(2)(v), Income-tax Act",लेखा-कमर्
accountant,an officer in charge of the accounts; one who professionally makes up accounts,"s. 2, Public Accountants",'
chartered,,"s. 2(1)(b), Chartered Accountants Act and s. 3(1)(iii), Working Journalists (Fixation of Rates of Wages) Act",चाटर्डर् अकाउंट�ट
divisional,,,प्रभागीय लेखाकार
accountant general,,,महालेखाकार
junior,,,क�नष् ठ लेखाकार
accountant member,,"s. 252(2), Income-tax Act",लेखा सदस् य
cannot be satisfactorily,,,संतोषजनक रूप से कै�फयत नह�ं �मलती है
accounting,,,लेखाकंन
accounting arrangements,,,लेखा व् यवस् था
accounting for,,"s. 30(2)(f), Official Trustees Act",लेखा देना
accounting period,,"s. 32A(1), Industrial Finance Corporation Act",लेखा कालाव�ध
accounting system,,,लेखा प्रणाल�
accounting unit,,,लेखा इकाई
accounting year,a period of one year for which accounts are separately closed and balanced,"s. 2(1), Payment of Bonus Act and s. 29(1), Agricultural Refinance Corporation Act",लेखा वषर्
accounts and audit accounts and audit,,s. 5. Dakshina Bharat Hindi Prachar Sabha Act,लेखा और संपर��ा
books of,,,लेखा ब�हया ं
clear and accurate,,"s. 19, Indian Trusts Act",स् पष् ट और सह� लेखा
closed and balanced,,"s. 2(1)(iii)(b), Payment of Bonus Act",बंद और संतु�लत लेखे
accounts have been made up,,"sch. IV, pt. 1, Companies Act",लेखा तैयार �कए गए ह�
initial,,,प्रारं�भक लेखे
manipulation of,,,लेखाओं म� हेरफेर करना
accounts of profit,,,लाभ लेखा
accounts of receipts and balance,,,प्राप् �त और अ�तशषे लेखा
accounts of the assessee have been made up to a date,,"s. 3(b), Income-tax Act",�नधार्�रती के लेखे �कसी तार�ख तक के �लए तैयार �कए गए ह�
accounts of the States,,"art. 149, Const.",राज् य� के लेखे
accounts of the Union,,"art. 110(1)(f), Const.",संघ के लेखे
accounts officer,,,लेखा अ�धकार�
organisation of,,,लेखा सगंठन
records and other documents,,"s. 16(4), Wealth-tax Act and s. 15(4), Gift-tax Act","लेखा, अ�भलेख या अन् य दस् तावेज"
settling of,,,लेखा प�र�नधार्रण
accounts shall be audited,,"s. 619(3)(a), Companies Act",लेखाओं क� सपंर��ा क� जाएगी
accounts stated,accounts rendered which by implied or express acceptance have been agreed upon by both the parties as correct,"sch., art. 26, Limitation Act",�ववर�णत लेखा
statement of,,,लेखा �ववरणी
accounts structure,,,लेखा संरचना
verification of,,,लेखा सत् यापन
accoutrement,apparel; outfit; equipment,,साजसज् जा
accreditation,,,प्रत् यायन
accredited,furnished with credentials; officially vouched for,"s. 3(2)(a), Citizenship Act",प्रत् या�यत
accredited to the President of India,,"s. 3(a), Citizenship Act",भारत के राष् ट्रप�त को प्रत् या�यत
accretion,,,अनुवदृ्�ध
accrual,,"s. 18(3)(d), Competition Act",प्रोद्भवन
accrual of the income,,"s. 93(3), expln. (c)(ii), Income-tax Act",आय का प्रोद्भवन
accrue,to fall,(to any one) as a natural growth or,
accrue due,,"sch., item 7, Limitation Act",प्रोद्भूत शोध् य
accrue or arise,,"s. 9(1), Income-tax Act",प्रोद्भूत या उद्भूत
accrued holiday remuneration,,"s. 530(1)(c), Companies Act",प्रोद्भूत अवकाश पा�रश्र�मक
accrued income,,,प्रोद्भूत आय
accrued interest,,"s. 8, T.P. Act",प्रोद्भूत ब् याज
accrues or arises or is deemed to accrue or arise,,"s. 5(1)(b), Income-tax Act",प्रोद्भूत या उद्भूत होती है या प्रोद्भूत या उद्भूत हुई समझी जाती है
accruing,,"s. 53, Mines Act",प्रोद्भावी
accruing beneficial interest,,"s. 3, T.P. Act",प्रोद्भवमान फायदाप्रद �हत
accused is released on bail accruing due from a person,,"s. 429(1), Companies Act",�कसी व् यक् �त द्वारा शोध् य होना
accruing from day to day,,"s. 212(1), Companies Act",�दन प्र�त�दन प्रोद्भूत हुआ/हुई
accruing from the transfer,,"s. 170, expln., Income-tax Ac",अंतरण से प्रोद्भूत
accruing of the cause of action,,"Or. 30, r. 1(1), C.P.C.",वाद-हेतुक का प्रोद्भूत होना
accruing on the shares,,"s. 32A(1), Industrial Finance Corporation Act",शेयर� पर प्रोद्भूत होने वाला
accruing profit,,"s. 8, T.P. Act",प्रोद्भवमान लाभ
accruing rent,,"s. 8, T.P. Act",प्रोद्भवमान भाटक
accumulate,1. to collect or bring together,"s. 23, ill. (f), Indian Trusts Act",सं�चत करना
accumulated balance,,"s. 10(12), Income-tax Act",सं�चत अ�तशषे
accumulated profits,,"s. 2(22)(a), Income-tax Act",सं�चत लाभ
accumulated profits earned by the company in previous years,,,कंपनी द्वारा पूवर् वष� म� उपािजर्त सं�चत लाभ
accumulated stock,,,सं�चत स् टाक
accumulation,1. the action of accumulating,"s. 17(2), T.P. Act",संचयन
accumulation of income,,"s. 27(7)(iv)(a), Estate Duty Act and s. 93(3), expln. (a), Income-tax Act",आय का संचयन
accumulative judgment,a second judgment to take effect after the expiration of the first one,,पश् चात ्प्रभावी �नणर्य
accumulative legacy,a legacy which is given in addition to previously made bequest,,अ�त�रक् त वसीयत सपंदा
accuracy,1. precision,"s. 63(a), Air Force Act",यथाथर्ता
ascertain the,,"s. 57(a), Air Force Act",यथाथर्ता का अ�भ�नश् चय करना
accuracy of the copy,,"s. 63(2), Indian Evidence Act",प्र�त क� शुद्धता
accuracy of the forecast,,"sch. II, pt. 1(3), Chartered Accountants Act",पूवार्नुमान का ठ�क होना
verify the,,"s. 13(2), Cardamom Act",शुद्धता को सत् या�पत करना
accurate,,"s. 86, Indian Evidence Act",शदु्ध
containing,,"Or. 21, r. 12, C.P.C.",यथाथर् वणर्न अंत�वर्ष् ट करने वाला
accurately obey,,,ठ�क-ठ�क पालन करना
accusation,an allegation against a person that he has committed an offence,"ss. 389 and 499, except. 8, I.P.C.",अ�भयोग
prefer,,"ss. 389 and 499, excep. 8, I.P.C.",अ�भयोग लगाना
accuse,to charge with an offence,"ss. 389 and 499, excep. 8, I.P.C.",अ�भयोग लगाना
accused,"a person against whom an allegation has been made that he has committed an offence, or who is charged with an offence","ss. 212 and 216, I.P.C. and s. 3, ill. to expln., Indian Evidence Act",अ�भयुक् त
accused is discharged,,,अ�भयुक् त को आरोपमुक् त �कया जाता है
accused is released on bail,,,अ�भयुक् त को जमानत पर छोड़ा जाता है
.,,,अ�भयुक् त क� �नशानदेह� पर......क� बरामदगी
accused of any offence,,"art. 20(3), Const.",�कसी अपराध के �लए अ�भयुक् त
accused of the same offence,,"s. 233(a), Cr. P.C.",एक ह� अपराध के �लए अ�भयुक् त
accused person,,"s. 24, Indian Evidence Act and art. 134(1)(a), Const.",अ�भयुक् त व् यक् �त
accuser,,,अ�भयोक् ता
accustomed to act,,"s. 369(1)(b), Companies Act",कायर् करने के �लए अभ् यस् त
achievement,accomplishment,"s. I2A, Central Silk Board Act",सफलता
achieving synergy,,"s. 7(2)(vi), Science and Engineering Research Board Act",सहचयर् प्राप् त करना
acidic or corrosive,,"s. 326B, expln. 1, I.P.C.",अम् ल�य या सं�ारक
acknowledge,1. to admit as true; to admit a claim or liability; to avow or assent to in legal form; to own as genuine or valid in law,"s. 17(1 )(c), Registration Act and ss. 30 and 467, I. P. C.",अ�भस् वीकार करना
acknowledgement,the action of acknowledging; a thing done or given in recognition of something received,"ss. 3 and 60, T.P. Act and s. 32(2), Indian Evidence Act",अ�भस् वीकृ�त
by registered post,,,रसीद� रिजस् ट्र� डाक द्वारा
acknowledgement in writing,,"s. 35, Indian Trusts Act",�ल�खत अ�भस् वीकृ�त
acknowledgement of a debt,"an admission, in writing that a debt is due or that some claim or liability is still in existence","sch. I, item 1, Indian Stamp Act",ऋण क� अ�भस् वीकृ�त
acknowledgement receipt,,"sch., pt. II, item 15, Commercial Documents Evidence Act",अ�भस् वीकृ�त रसीद
acknowledgement with the coupon of the money order,,,मनी आडर्र के कूपन स�हत पावती
acoustic presentation of the work,,"s. 2(t), Copyright Act",कृ�त क� श्रव् य प्रस् तु�त
acquaint,to inform; to make aware,"s. 143, ill (a), Indian Contract Act",अवगत कराना
acquainted,1. being aware of,,अवगत
acquainted with handwriting,,"s. 417, Indian Evidence Act",हस् तलेख से प�र�चत
acquainted with the facts of the case,,"Or. 6, r. 15 and Or. 27, r. 1, C.P.C.",मामले के तथ् य� से प�र�चत
acquatic animal,,"s. 3(h), Marine Products Export Development Authority Act",जलचर
acquiesce,to give silent or passive assent to; to tacitly agree to; resting satisfied with any state of things,"s. 23, Indian Trusts Act and s. 20(b), C.P.C.",उपमत होना
acquiescence,"the action or condition of acquiescing; the assent to an infringement or rights, either express or implied from conduct, by which the rights to equitable or discretionary relief may be lost","s. 39, Indian Contract Act",उपम�त
acquire,to gain as one,,’
acquire foreign exchange,,"s. 8(4), Foreign Exchange Regulation Act",�वदेशी मुद्रा का अजर्न करना
accrued or incurred,,"s. 6(c), General Clauses Act","अिजर्त, प्रोद्भूत या उपगत"
acquired territories,,"s. 2(a), Acquired Territories (Merger) Act",अिजर्त राज् य�ेत्र
acquirer,,"s. 2(a), Hindu Gains of Learning Act",अजर्नकतार्
acquiring company,,"s. 3(a), General Insurance Business (Nationalisa- tion) Act",अजर्क कंपनी
acquiring insurer,,"s. 52H(4), Insurance Act",अजर्क बीमाकतार्
person,,"s. 3, expln. I, T.P. Act","वह व् यक् �त, जो संप�� को अिजर्त करता है"
acquisition,the act of getting or becoming the owner of any property; the act by which one acquires or procures property in any thing,"s. 2(1)(a), Arms Act, s. 73(2), T.P. Act, s. 80J(5)(a), 8 Income-tax Act and art. 11, Const.",अजर्न
acquisition and termination of Indian citizenship,,"long title, Citizenship Act",भारतीय नाग�रकता का अजर्न और पयर्वसान
title and interest,,,"अ�धकार, हक और �हत का अजर्न और अंतरण"
acquisition of land,,"long title, Land Acquisition Act",भू�म का अजर्न
acquisition of patent rights or copyrights,,"s. 35A(1), Income- tax Act",पेट�ट अ�धकार� या प्र�त�लप् य�धकार� का अजर्न
acquisition of stowing,,,भरण का अजर्न
acquisition of the property,,"s. 2(c)(1A)(iii), Income-tax Act",संप�� अिजर्त करना
land,,,भू�म-अजर्न अ�धकार�
acquit,to set free or deliver from the charge of an offence after trial,"s. 237(3), Cr. P.C. and s. 27C(1), Emigration Act",दोषमुक् त करना
acquittance for delivery of,1. a discharge in writing of a sum of money or duty which ought to be paid or done,"s. 467, I.P. C.",के प�रदान के �लए �नस् तारण-पत्र
acquittance roll,,,�नस् तारण पंजी
acronym,,"s. 15(1), Limited Liability Partnership Act",सं�ेपा�र
across,,"s. 29(3)(b), Indian Electricity Act",आर-पार
across its face,,"s. 124, Negotiable Instruments Act",उसके मुख भाग को काटते हुए
cheque bears,,"s. 124, Negotiable Instrument Act",चेक पर उसके मुख भाग को काटते हुए
act,1. a law made by a competent legislature,"ss. 1 and 5, I.P.C.",अ�ध�नयम (चट्टम)
act as principal,,"s. 15, Securities Contracts (Regulation) Act",मा�लक के रूप मे कायर् करना
act by notice in writing,,"first sch., item 3, Arbitration Act",�ल�खत सूचना द्वारा कायर् करना
act done or purporting to be done,,"second sch., item 1, Provincial Small Cause Courts Act",�कया गया या �कए जाने के �लए तात् प�यर्त कायर्
act fitted to deceive,,"s. 17(4), Indian Contract Act",प्रवंचना करने योग् य कायर्
act in accordance with,,"art. 74(1), Const",के अनुसार कायर् करना
act in aid of,,"art. 144, Const.",क� सहायता म� कायर् करना
act in a representative character,,"s. 2(d), Arbitration Act",प्र�त�न�ध क� है�सयत म� कायर् करना
order,,"s. 4, Dramatic Performances Act",(ऐसे) आदेश क� अव�ा करते हुए कोई कायर् करना
act in good faith,,"s. 99, I.P.C.",सद्भावपूवर्क कायर् करना
act in his behalf act in his behalf,,"Or. 21, r. 74(2)(b), C.P.C.",उसक� ओर से कायर् करना
act in law,,,�व�ध के अनुसार कायर्
act in obedience,,,आ�ानुवतर्न म� कायर् करना
act in obedience to summons,,,समन के आ�ानुवतर्न म� कायर् करना
act in pursuance,,"s. 63(2), Mines Act",अनुसरण म� कायर् करना
act in the execution of his office,,"second sch., item 2, Provincial Small Cause Courts Act",अपने पद के �नष् पादन म� कायर् करना
act in the ordinary course of business,,"s. 27, prov., Sale of Goods Act",कारबार के मामलू� अनुक्रम म� कायर् करना
act judicially,to exercise the functions of a judicial or quasi,- judicial,
act of a routine nature,,"s. 2(26), prov., Companies Act",नैत् �यक स् वरूपी कायर्
act of bad faith,,"s. 55(3), C.P.C. and second sch., item 78(1), Income-tax Act",असद्भावपूणर् कायर्
Act of dominion legislature,,"s. 3(7)(a), General Clauses Act",डोमी�नयन �वधान-मंडल का अ�ध�नयम
act of firm,,"s. 2(a), Indian Partnership Act",फमर् का कायर्
act of God,an event which happens independently of human action and which no human foresight or skill could reasonably be expected to anticipate,"s. 13 (2nd prov.), Motor Transport Workers Act and s. 73(a), Indian Railways Act",दैवकृत
act of grace,a grant of general pardon or amnesty by a king or queen in honour of some important royal event,,�मादान
act of indecency,,"s. 120(b), Indian Railways Act",अ�शष् ट कायर्
act of insolvency,,"s. 9, Presidency-towns Insolvency Act and s. 2(8), Sale of Goods Act",�दवा�लएपन का कायर्
act of insubordination,,"s. 138, I.P.C.",अनधीनता का कायर्
act of law,,,�व�ध का कायर्
Act of legislature,,"s. 23, ill. (i), Indian Contract Act",�वधान-मंडल का अ�ध�नयम
act of misconduct,,,अवचार
act of omission or commission,,,लोप या करण त्रु�ट
Act of Parliament,,"s. 3(7), General Clauses Act",संसद् का अ�ध�नयम
Act of Parliament of the United Kingdom,,"ss. 37and 57(b), Indian Evidence Act",यूनाइटेड �कंगडम क� पा�लर्याम�ट का ऐक् ट
act of parties,,"preamble, T.P. Act and s. 2(1)(a), Trade and Merchandise Marks Act",प�कार� का कायर्
act of public enemies,,"s. 73(c), Indian Railways Act",लोकशत्रकृुत
in the,,"s. 25, Cattle-trespass Act",अ�तचार करते हुए
act of violence,,"s. 4(6)(b)(i), Payment of Gratuity Act",�हसंात् मक कायर्
act of war,,"s. 73(b), Indian Railways Act",युद्ध का कायर्
act on behalf of,,"s. 2(2), Workmen",'
act on business principles,,"s. 6(2), Food Corporations Act",कारबार के �सद्धात� के अनुसार कायर् करना 9
act or abstinence or promise,,"s. 2(d), Indian Contract Act",कायर् या प्र�वर�त या वचन
act purporting to be done,,"s. 80, C.P.C.",�कया गया तात् प�यर्त कायर्
act to express dissent,,"s. 35, T.P. Act",�वसम् म�त अ�भव् यक् त करने के �लए कायर्
Act to have retrospective effect,,"s. 5, Taxation Laws (Continuation and Validation of Recovery Proceedings) Act",अ�ध�नयम का भूतल�ी
act together,,"s. 30(4), prov., Indian Partnership Act",एक साथ कायर् करना
act traitorously,,"ss. 34(d), 35(c) and 37, Navy Act",गद्दार�युक् त कायर् करना
act under a warrent of arrest,,"s. 47(1), C.P.C.",�गरफ्तार� के वारंट के अधीन कायर् करना
act under colour of its process,,"s. 80, Presidency Small Cause Courts Act",कारर्वाई करने के नाम पर कायर् करना
act under his warrant,,"s. 5, Shore Nuisances (Bombay and Kolaba) Act",उसके वारंट के अधीन कायर् करना
act under the authority,,"s. 549(2)(c), Companies Act",प्रा�धकार के अधीन कायर् करना
undutiful,,"s. 61, ill. (i), Indian Succession Act",कतर्व् य �वरुद्ध कायर्
act within the scope,,"s. 3(8)(b)(i), General Clauses Act",प�र�ध के भीतर कायर् करना
acted from cowardice,,"s. 34(d), Navy Act",कायरता से कायर् �कया
acted from negligence,,"s. 34(d), Navy Act",उपे�ा से कायर् �कया
acted upon,,"s. 30, Court-fees Act",कारर्वाई क� गई
acting,1. performing,"s. 20, I.P.C.",कायर् करता हुआ
acting allowance,,"s. 280(1)(e), Cantonments Act",कायर्कार� भ�ा
acting appointment,,"long title, Acting Judges Act",कायर्कार� �नयुक् �त
acting as a banker,,"s. 2(1), Indian Stamp Act",ब�ककार के तौर पर कायर् करने वाला
acting chairman,,"sch., statute 33, University of Hyderabad Act",कायर्कार� अध् य�
appointment of,,"art. 126, margin and art. 223, Const.",कायर्कार� मुख् य न् यायमू�त र् क� �नयुक् �त
acting in breach of regulations,,,�व�नयम� के भंग म� कायर् करना
acting in combination,,"s. 2(q), Industrial Disputes Act",�मलकर कायर् करते हुए
acting in concert,,,सामान् य म�त से कायर् करते हुए
acting in execution,,"s. 82(a), Registration Act",�नष् पादन म� कायर् करना
acting in legislative capacity,,"s. 3(7)(b), General Clauses Act",�वधायी है�सयत म� कायर् करते हुए
acting judge,,"s. 2(1)(g), High Court Judges (Conditions of Service) Act",कायर्कार� न् यायाधीश
acting partner,a partner who habitually acts in the business of the firm,"s. 24, Indian Partnership Act",कायर्कार� भागीदार
acting principal,,"s. 2(m), North-Eastern Hill University Act",कायर्कार� प्राचायर्
acting promotion,,,स् थानापन् न प्रोन् न�त
acting service,,,कायर्कार� सेवा
action,"1, a proceeding","s. 2(d), Cr. P.C",कारर्वाई
action by an enemy,,"s. 33B(iv), Income-tax Act",शत्रु क� कारर्वाई
action by husband for loss of society of his wife,"a husband has an action for loss of society or consortium of his wife caused by enticement, harbouring, inducing her to live away from him, physical injury or imprisonment",,पत् नी के साहचयर् से वं�चत �कए जाने के �लए प�त द्वारा कारर्वाई
action for breach of promise of marriage,,,�ववाह वचनभंग के �लए कारर्वाई
action for criminal conversation,the husband had under the old law an action of trespass against the adulteror which was known as the action for criminal conversation,,आपरा�धक ससंगर् के �लए कारर्वाई
action for money had and received,the plaintiff may waive the tort of conversion and sue for money had and received to the plaintiff,,’
action for passing off,,"s. 27(2), Trade and Merchandise Marks Act",चला देने के �लए कारर्वाई
habits of,,,�क्रयामूलक आदत�
action of debt,,"s. 8, Sheriff",’
action of replevin,in this action the plaintiff whose goods have been distrained and who disputes the legality of the distraint on furnishing security or on payment of the amount due have the things returned to him provisionally pending the decision of the case,,माल क� अनं�तम वापसी के �लए कारर्वाई
action of trespass,the action of trespass was so called from the name of the writ which commenced it ; the writ of trespass,,अ�तचार क� कारर्वाई
principles of,,,�क्रया �सद्धातं
action taken in combating an enemy,,"s. 33B(iv), Income-tax Act",शत्रु का मकुाबला करने म� क� गई कारर्वाई
action upon the case,,"s. 8, Sheriff",’
will in,,,�क्रयान् �वत इच् छाशक् �त
actionable,affording ground for an action at law,"ss. 8 and 130, T.P. Act",अनुयोज् य
actionable claim,,"ss. 3, 8 and 130, T.P. Act",अनुयोज् य दावा
actionable negligence,the breach or non,"-performance of a legal duty through neglect or carelessness, resulting in damage or injury to another",अनुयोज् य उपे�ा
actionable wrong,a wrong in respect of which an action lies in law,"s. 10, Indian Evidence Act",अनुयोज् य दोष
active concealment,"an act of concealing what ought to be revealed, requiring or implying action or execution","s. 17(2), Indian Contract Act",स�क्रय �छपाया जाना
active concealment of a fact,,"s. 17(2), Indian Contract Act",तथ् य का स�क्रय �छपाया जाना
active confidence,,"s. 111, Indian Evidence Act",स�क्रय �वश् वास
active duty,,"s. 2(a), Central Reserve Police Force Act",स�क्रय ड्यूट�
active operation,,,स�क्रय सं�क्रया
active partner,,,स�क्रय भागीदार
active service,,"s. 65(1), Cr. P.C. and ss. 3(i) and 9, Army Act",स�क्रय सेवा
actively conceal,,"s. 26(c), Indian Trusts Act",स�क्रय रूप से �छपाना
activist,,,स�क्रयतावाद�
activities,"instances of being active as in an occupation, recreation etc.","s. 2(a), expln., Agricultural Refinance Corporation Act",�क्रयाकलाप
activities for the extension of knowledge,,"s. 43(4)(i), Income- tax Act",�ान के �वस् तारण के �लए �क्रयाकलाप
activities of the company,,"s. 9(1), Metal Corporation of India (Acquisition of Undertaking) Act",कंपनी के �क्रयाकलाप
individual and collective,,"art. 51A(j), Const.",व् यक् �तगत और सामू�हक ग�त�व�ध
political,,,राजनै�तक स�क्रयता
actor,,"ss. 80C(4)(i) and 80RR, Income-tax Act",अ�भनेता
actor dominae,manager of his master,,’
actor in rem suam,one who himself attends to his business,,स् वप्रबंधक
acts and dealings,,"s. 496(1)(b), Companies Act",कायर् और व् यौहार
acts of violence,,,�हसंात् मक कायर्
acts of violence or cruelty,,"s. 2(a)(ii), Young Persons (Harmful Publications) Act",�हसंा या कू्ररता के कायर्
actual,"real, existing in act or fact","s. 3(c), T.P. Act",वास् त�वक
actual command,,"Or. 28, r. 1, expln., C.P.C.",वास् त�वक समादेशन करना
actual conveyance,,"s. 28(5), Indian Stamp Act",वास् त�वक हस् तांतरण-पत्र
actual cost,,"s. 43(1), Income-tax Act",वास् त�वक लागत
actual cost of planting,,"s. 33A(7), Income-tax Act",रोपण के वास् त�वक खचर्
actual damage or loss,,"s. 74, Indian Contract Act",वस् तुत: नुकसान या हा�न
actual day to day operation,,"s. 292, expln. II, Companies Act",वस् तुत: �दन प्र�त�दन क� �क्रया
actual existing interest,,"Or. 7, r. 4, C.P.C.",वास् त�वक �वद्यमान �हत
actual occupancy,,"s. 55(1), prov., C.P.C.",वास् त�वक अ�धभोग
actual offender,,"s. 10, prov., Payment of Gratuity Act",वास् त�वक अपराधी
actual partiality,,,वास् त�वक प�पात
actual possession,,"s. 52(1), Sale of Goods Act",वास् त�वक कब् जा
actual possession of the situation,,"s. 21, expln. 2, I.P.C.",ओहदे को वास् तव म� धारण करना
actual sale,,"s. 177, Indian Contract Act",वस् तुत: �वक्रय
actual seizure,,"Or. 21, r. 43 and r. 51, C.P.C.",वास् त�वक अ�भग्रहण
actual total loss,,,वास् त�वक कुल हा�न
actual travelling expenses,,,वास् त�वक यात्रा व् यय
actual user,,,वास् त�वक उपयोक् ता
actually,in fact; really; indeed,"s. 3(c), T.P. Act",वास् तव म�
actually allowed,,"s. 43(6), expln. 3, Income-tax Act",वस् तुत: अनु�ात �कया गया
actually and voluntarily reside,,"s. 16, prov., C.P.C.",वास् त�वक रूप से और स् वेच् छया �नवास करना
actually and voluntarily reside or carry on business or personally work for gain,,"s. 18(b), Presidency Small Cause Courts Act",वस् तुत: और स् वेच् छया �नवास करना या कारबार चलाना या अ�भलाभ के �लए व् यक् �तगत रूप से कायर् करना
actually due and payable,,"s. 60, Indian Contract Act",वस् तुत: शोध् य और देय
actually received,,,वस् तुत: प्राप् त
actuals,,,वास् त�वक आंकड़ े
actuarial calculation,calculation determined by actuaries; calculation relating to statistics especially of life expectancy,,बीमां�कक गणना
actuarial investigation,,"sch. I, para 1, Life Insurance Corporation Act",बीमा�ंकक अन् वेषण
actuarial liability,,"sch. II, method A, Life Insurance Corporation Act",बीमा�ंकक दा�यत् व
actuarial valuation,,"sch. I, item 2(1)(b), Income-tax Act",बीमां�कक मूल् याकंन
actuaries,,"s. 2(1)(a), Actuaries Act",बीमाकंक
actuary,"one whose profession it is to solve monetary problems depending on interest and probability in connection with life, fire or other accidents, etc.","ss. 2(1) and 65(i), Insurance Act",
ad hoc,"made, established, acting or concerned with a particular end or purpose",,तदथर्
ad hoc benefit,,,तदथर् लाभ
ad hoc committee,,"s. 4, Oil Industry (Development) Act",तदथर् स�म�त
ad hoc indent,,,तदथर् मागंपत्र
ad hoc judge,,"s. 2(1)(c)(v), High Court Judges (Conditions of Service) Act and art. 127(1), Const.",तदथर् न् यायाधीश
appointment of,,"art. 127, margin, Const.",तदथर् न् यायाधीश� क� �नयुक् �त
ad hoc offer,,,तदथर् प्रस् थापना
ad hoc tribunal,,,तदथर् अ�धकरण
ad infinitum,,,�नरव�ध
ad interim injunction,,,अंत�रम व् यादेश
ad interim order,,,अंत�रम आदेश
ad litem guardian,,"s. 103, T.P. Act",वादाथर् संर�क
promisor,a surety; one who binds himself to perform the same act as another,,प्र�तभ ू
ad valorem,in proportion to the value,"s. 39(2), Indian Forest Act",मूल् यानुसार
ad valorem duty,,"s. 20(1), Indian Stamp Act",मूल् यानुसार शुल् क
adapt,to make suitable; to alter so as to fit for a new use or conditions,"s. 5(2), Goa, Daman and Diu (Extension of Code of Civil Procedure and Arbitration Act) Act",अनुकू�लत करना
adapt to the circumstances,,"s. 12, Central Excise Act",प�रस् �थ�तय� के अनुकूल बनाना
adaptable,capable of being adapted,,अनुकूलनीय
adaptation,the action or process of adapting,"s. 2(a), Copyright Act, art. 35(b) and art. 118(2), Const.",अनुकूलन
adaptation order,"an order issued for the purposes of adaptation, particularly an order modifying the exisiting laws so as to bring them in conformity with the new constitutional provisions",,अनुकूलन आदेश
adapted,,"s. 68(1), Motor Vehicles Act",उपयुक् त
best,best suited,"s. 61(4)(c), Mines Act",उपयुक् ततम
adapting,,"s. 2(k), Factories Act",अनुकूलन करना
add,1. to join or unite,"(a thing to another) so as to increase the number, quality or importance",जोड़ना
add on card,,"s. 139, Income-tax Act",आ�श्रत काडर्
add parties,,"Or. 1, r. 10(2), C.P.C.",प�कार� का नाम जोड़ना
vary or rescind,,"s. 21, General Clauses Act","जोड़ना, उनका संशोधन करना, उनम� फेरफार करना या उनका �वखंडन करना"
add to the rules,,,�नयम� म� प�रवधर्न करना
addendum,a thing that is added or is to be added,"s. 217(3), Companies Act",युक् �तका
addict,,"s. 2(i), Narcotic Drugs and Psychotropic Substances Act",व् यसनी
addicted,,"s. 58(1), Juvenile Justice (Care and Protection of Children) Amendment Act",व्यसनी
addicted to,,"sch. I, form 1, Indian Lunacy Act",आद�
adding any other description or letters,,"s. 7, Chartered Accountants Act",कोई अन् य अ�भवणर्न या अ�र जोड़ना
adding to the standing orders,,"s. 12, Industrial Employment (Standing Orders) Act",स् थायी आदेश� म� प�रवधर्न
addition,title; designation,"s. 2(1), Registration Act",अ�भवणर्न
addition or subduction,,"s. 9(2), Naval and Aircraft Prize Act",घटबढ़
in,,,के अ�त�रक् त
addition to the remuneration,,"s. 10(3)(iii), Income-tax Act",पा�रश्र�मक म� प�रवधर्न
additional,1. existing in addition; added,"art. 115, margin, Const.",अ�त�रक् त
appointment of,,"art. 224, margin, Const.",अपर और कायर्कार� न् यायाधीश� क� �नयुक् �त
additional Chief Presidency Magistrate,,,अपर मुख् य पे्र�सड�सी मिजस् टे्रट
additional collection,,,अ�त�रक् त वसूल�
additional collector,,"s. 2(44)(i), Income-tax Act",अपर कलक् टर
tax,,"s. 2(16), Income-tax Act",अपर आय-कर आयुक् त
additional court fee,,"s. 47(2), C.P.C.",अ�त�रक् त न् यायालय फ�स
additional Custodian General,,"s. 6(2)(b), Coal Mines (Taking Over of Management) Act",अपर महा अ�भर�क
additional dearness allowance,,"s. 2(b), Additional Emoluments (Compulsory Deposit) Act",अ�त�रक् त महंगाई भ�ा
additional dearness allowance deposit account,,"s. 5(1), Additional Emoluments (Compulsory Deposit) Act",अ�त�रक् त मंहगाई भ�ा �न�ेप खाता
additional director of inspection,,"s. 2(viia), Gift-tax Act",अपर �नर��ण �नदेशक
additional district magistrate,,,अपर िजला मिजस् टे्रट
additional evidence,,"s. 367(1), Cr. P.C.",अ�त�रक् त सा� य
additional expenditure,,"art. 115(1)(a), Const.",अ�त�रक् त व् यय
additional fact,,"Or. 18, r. 1, C.P.C.",अ�त�रक् त तथ् य
additional freight,,"s. 2(20)(b), Indian Stamp Act",अ�त�रक् त माल भाड़ा
additional funds,,,अ�त�रक् त �न�धया ं
additional grant,,,अ�त�रक् त अनुदान
additional invoice,,,अ�त�रक् त बीजक
additional issue,,"Or. 14, r. 5(1), C.P.C.",अ�त�रक् त �ववाद्यक
additional judge,,,अपर न् यायाधीश
additional measure,,"s. 31(2)(o), Oil Industry (Development) Act",अ�त�रक् त अध् युपाय
additional or acting judge,,"art. 217(1), Const.",अपर या कायर्कार� न् यायाधीश
additional or alternate director,,"s. 261(2), Companies Act",अपर या आनुकल् �पक �नदेशक
additional or substituted security,,"sch. 1, item 40(c), Indian Stamp Act",अ�त�रक् त या प्र�तस् था�पत प्र�तभू�त
additional protocol,,"s. 7(1), Carriage by Air Act",अ�त�रक् त प्रोटोकोल
additional qualification,,,अ�त�रक् त अहर्ता
additional sessions judge,,"s. 122(5), Cr. P.C.",अपर सेशन न् यायाधीश
additional skill and experience,,"s. 18(1), prov., Defence and Internal Security of India Act",अ�त�रक् त कौशल और अनुभव
additional surcharge,,"s. 3(a), Compulsory Deposit Scheme Act",अ�त�रक् त अ�धभार
additional tax,,,अ�त�रक् त कर
additional wages,,"s. 2(c), Additional Emoluments (Compulsory Deposit) Act",अ�त�रक् त मजदरू�
additional wages and deposit account,,"s. 17(b), Additional Emoluments (Compulsory Deposit) Act",अ�त�रक् त मजदरू� �न�ेप खाता
additional written statement,,"Or. 8, r. 9, C.P.C.",अ�त�रक् त �ल�खत कथन
additions and omissions,,"s. 2(29), Companies Act",प�रवधर्न तथा लोप
additions or alterations,,"s. 55(1)(b)(i), Income-tax Act",प�रवधर्न या प�रवतर्न
address,1. direction or superscription of a letter,"s. 19L(1), Inland Vessels Act",पता
address by each House,,"art. 124(4), Const.",प्रत् येक सदन द्वारा समावेदन
address for service,,"ss. 3(a)(ii) and 121, Trade and Merchandise Marks Act",तामील के �लए पता
last known,,"s. 11A(6), Indian Lunacy Act",अं�तम �ात पता
shall,,,पत्र �लखेगा
address such officer,,"s. 143(1), Army Act",ऐसे आ�फसर को �लखना
address the court generally on the whole case,,"Or. 18, r. 2(2) C.P.C.",पूरे मामले के बारे म� साधारणतया न् यायालय को सबंो�धत करना
address to,l. at the address of,"s. 63, Cr. P.C.",के पते पर
addressable system,,"s. 4A(6), Cable Television Networks (Regulation) Act",सम्बोध्य प्रणाल�
addressed to,,"art. 56 (1)(a), Const.",को संबो�धत
addressed to the President,,"art. 124(2), second prov. (a), Const.",राष् ट्रप�त को संबो�धत
addressee,a person to whom a document etc. is addressed,"s. 3(a), Indian Post Office Act",पे्र�षती
s receipt,,"s. 45(3), prov., Land Acquisition Act",सबंो�धती क� रसीद
addresses and messages,,,अ�भभाषण और संदेश
addresses corrected up to date,,"s. 21(2)(a), Presidential and Vice- Presidential Elections Act",अद्यतन शुद्धकृत पते
addressograph,,,पतालेखी
addressograph machine,,,पतालेखी मशीन
adduce evidence,,"s. 50(2), Land Acquisition Act",सा� य पेश करना
adduced in disproof,,"Or. 33, r. 6, C.P.C.",नासा�बत करने के �लए �दया गया
ademption of legacy,"1. if anything which has been specifically questioned does not belong to the testator at the time of his death, or has been converted into property of a different kind, the legacy is adeemed; that is, it cannot take effect, by reason of the subject",-matter having been withdrawn from the operation of the will,वसीयत �वखंडन
adequacy,the condition or quality of being adequate,,यथायोग् यता
adequate,commensurate in fitness; fully sufficient; legally sufficient; lawfully and reasonably sufficient,"s. 32(2)(e), Minimum Wages Act",यथायोग् य
adequate accommodation,,"s. 4(1)(c), Delhi School Education Act",स् थान संबंधी पयार्प् त सु�वधा
adequate compensation,,"sch. I, app. A, form No. 39, C.P.C.",पयार्प् त प्र�तकर
adequate consideration,,"s. 4(1)(a)(iii), Wealth-tax Act",पयार्प् त प्र�तफल
adequate protection,,"s. 42, Copyright Act",यथो�चत संर�ा
adequate provision,,"s. 9, Limestone and Dolomite Mines Labour Welfare Fund Act",पयार्प् त उपबंध
adequate publicity,,"s. 30(2)(e), Minimum Wages Act",यथायोग् य प्रचार
adequate reasons,,"s. 276A, prov., Income-tax Act",पयार्प् त कारण
adequate relief,,"s. 8(b), Specific Relief Act",यथायोग् य अनुतोष
adequate remuneration,,"s. 13(2)(d), Income-tax Act",पयार्प् त पा�रश्र�मक
adjoining land adequate security,,"s. 13(2)(a), Income-tax Act",पयार्प् त प्र�तभू�त
adequate step,,"preamble, General Insurance (Emergency Provisions) Act",पयार्प् त कदम
adequately,,,पयार्प् त रूप से
not represented,,"art. 16(4), Const.",प्र�त�न�धत् व पयार्प् त नह�ं है
adherence,continued observance,"s. 29(d), Assam Reorganisation (Meghalaya) Act and art. 102(1)(d), Const.",अनुषक् �त
adhesion,to join,,संयुक् त होना
adhesive,having a gummed back,"s. 26, Court-fees Act",आसंजक
adhesive or impressed stamp,,"s . 2(11), Indian Stamp Act",आसंजक या छा�पत स् टापं
adhesive stamp,a stamp having a gummed back,"s. 43(b), Employees",’
adits,,"s. 2(1)(j)(vi), Mines Act",ए�डट
adjacent,lying near to; adjoining,"s. 133(1)(e), Cr. P.C.",पाश् र्वस् थ
adjacent country,,,लगा हुआ देश
adjacent to property,,"Or. 21, r. 54(2), C.P.C.",संप�� के पाश् र्वस् थ
adjoining,,"s. 13, ill.(a), Indian Easements Act",बराबर �मल� हुई
adjoining land,,,लगी हुई भू�म
adjoining the platform,,"s. 118(1), Indian Railways Act",प् लेटफामर् से पाश् र्व के
adjourn,to put off or defer proceedings to another day; to defer or put off,"s. 309(2), Cr. P.C. and art. 101(4), prov., Const.",स् थ�गत करना
adjourn hearing,,"s. 62(3), Estate Duty Act",सुनवाई स् थ�गत करना
adjourn sale,,"Or. 21, r. 69(1), C.P.C.",�वक्रय को स् थ�गत करना
adjourned hearing,,,स् थ�गत सुनवाई
adjourned meeting,,"s. 165(8), Companies Act",स् थ�गत अ�धवेशन
adjourned sitting,the next sitting after an adjournment,,स् थ�गत बैठक
adjournment,an action of adjourning,"Or. 45, r. 7, 2nd prov., C.P.C.",स् थगन
adjournment motion,,,स् थगन प्रस् ताव
adjournment of the hearing,,"Or. 17, r. 1(2), prov., C.P.C.",सुनवाई का स् थगन
adjournment or stoppage of sale,,"Or. 21, r. 69(1), C.P.C.",�वक्रय का स् थगन या रोका जाना
adjournment to view,,"s. 112(1), Navy Act",अवलोकन के �लए स् थगन
adjudge,to decide judicially .,"s. 34(1), C.P.C.",न् याय�नण�त करना
adjudged insolvent,,"s. 103, Presidency-towns Insolvency Act",न् याय�नण�त �दवा�लया
adjudicate,to award judicially ; to try and determine judicially,"Or. 1, r. 10(2), C.P.C.",न् याय�नणर्यन करना
adjudicate upon,,"s. 61, Presidency Small Cause Courts Act and Or 1, r. 10(2), C.P.C.",न् याय�नणर्यन करना
adjudicated insolvent,,"s. 47, prov., Indian Partnership Act",न् याय�नण�त �दवा�लया
adjudicating authority,,"s. 2(1), Customs Act",न् याय�नणार्यक प्रा�धकार�
adjudication,the action of adjudicating,"s. 2(2), C.P.C.",न् याय�नणर्यन
adjudication as to stamp,,"s. 31, Indian Stamp Act",स् टापं के बारे म� न् याय�नणर्यन
adjudication of claims,,"long title, Waste Lands (Claims) Act",दाव� का न् याय�नणर्यन
state rivers or river valleys,,"art. 262, margin. Const.",अंतरराज् �यक न�दय� या नद� घा�टय� के जल सबंंधी �ववाद� का न् याय�नणर्यन
adjudication of penalties,,"s. 15, Stage-Carriages Act",शास् �तय� का न् याय�नणर्यन
adjudication of the respective rights,,"Or. 34, r. 2(3), C.P.C.",अपने-अपने अ�धकार� का न् याय�नणर्यन
adjudicator,,,न् याय�नणार्यक
adjudicatory functions,,"s. 21, third. I.P.C",न् याय�नणार्�य क कृत् य
adjust,"to arrange, compose, harmonise; to arrange suitably in relation to something",,समायोजन करना
adjust accounts,,"s. 75(c), C.P.C.",लेखाओं का समायोजन
adjust progressively,,"long title, Rulers of Indian States (Abolition of Privileges) Act",धीरे-धीरे अभ् यस् त बनना
adjust the rights of the contributories,,"s. 475, Companies Act",अ�भदा�यय� के अ�धकार� का समायोजन करना
adjustable,,"r. 4(3), Forward Contracts (Regulation) Rules",समायोज् य
adjusted,,"Or. 23, r. 3, C.P.C.",समायोिजत
adjusted total income,,"s. 280B(1), Income-tax Act",समायोिजत कुल आय
adjuster,,,समायोजक
adjustible,,,समायोज् य
adjusting account,,,समायोजक लेखा
adjusting entry,,,समायोजक प्र�वष् �ट
adjusting ledger entry,,,समायोजक खाता प्र�वष् �ट
adjusting operation,,"s. 21(1), prov., Factories Act",समायोजन सं�क्रया
adjusting the costs,,"Or. 11, r. 3, C.P.C",खच� का समायोजन करना
adjustment,an arrangement whereby things are adjusted; the process of adjusting,"s. 44A(2), C.P.C.",समायोजन
book,,,बह� समायोजन
adjustment by transfer,,,अंतरण द्वारा समायोजन
eventual,,"s. 8(5)(h), Personal Injuries (Compensation Insurance) Act",अं�तम समायोजन
adjustment in respect of certain expenses and pensions,,"art. 290, margin, Const.",कुछ व् यय� और प�शन� के सबंंध म� समायोजन
adjustment of accounts,,"Or. 26, r. 11, C.P.C.",लेखाओं का
adjustment of rights,,"s. 426(1)(g), Companies Act",अ�धकार� का समायोजन
adjustment of suits,the settlement of the claims in suits by a lawful agreement or compromise,"Or. 23, C.P.C.",वाद� का समायोजन
adjustment register,,,समायोजन रिजस् टर
adjustment transaction,,,समायोजन संव् यवहार
adjutant,,,एडजुट�ट
adjutant general,,,एडजुट�ट जनरल
admeasure,,"s. 1(4)(a), Plantations Labour Act",माप म�
admeasuring,,"sch., pt. III, Salarjung Museum Act",माप वाल�
adminicular evidence,corroborative or confirmatory proof,,संपोषी सा� य
administer,1. to manage the affairs of,"s. 3(47), General Clauses Act",प्रशासन करना
administer justice according to law,,"s. 104(1), Navy Act",न् याय का प्रशासन �व�ध के अनुसार करना
administer oath,,"s. 13(a), Arbitration Act",शपथ �दलाना
administer oath or affirmation,,"s. 104(1), Navy Act",शपथ �दलाना या प्र�त�ान कराना
administer poison,to give poison,"s. 37, ill. (a), I.P.C.",�वष देना
administer to any party interrogatories,,"s. 13(e), Arbitration Act",�कसी प�कार से प�रप्रश् न� के उ�र मागंना
administer warning,,"sch., item 4(4)(a), North-Eastern Hill University Act",चेतावनी देना
administered by the President,,"s. 3(41), General Clauses Act",राष् ट्रप�त द्वारा प्रशा�सत
administered in a summary manner,,"s. 106(1), Presidency- towns Insolvency Act",सं��प् त र��त से प्रशा�सत क� गई
administering the property,,"s. 66(1), Provincial Insolvency Act",संप�� का प्रशासन
administration,"1, management",,प्रबंध
administration and control,,"long title, Rajghat Samadhi Act",प्रबंध और �नयंत्रण
administration and publicity division,,,प्रशासन और प्रचार प्रभाग
administration bond,a bond,(for due performance of duties) given by a person to whom the administration of another,'
commit the,,"s. 219(c), Indian Succession Act",प्रशासन स�प देना
grant of,,"s. 2(f), Indian Succession Act",प्रशासन का अनुदान
letter of,,"s. 9, prov., Limitation Act",प्रशासन- पत्र
administration of civil and criminal justice,,"s. 2, Sonthal Parganas Act, 1855",�स�वल और दा�ंडक न् याय का प्रशासन
administration of justice,,"s. 2(c)(iii), Contempt of Courts Act",न् याय प्रशासन
administration of medical benefit,,"s. 22(a), Employees",’
administration of poison,,"s. 7, ill. (c), Indian Evidence Act",�वष देना
administration of property,,"s. 5(1), Charitable Endowments Act",सपं�� का प्रशासन
administration of scheduled areas and tribal areas,,"art. 244, margin, Const.",अनुसू�चत �ेत्र� और जनजा�त �ेत्र� का प्रशासन
administration of the affairs,,,कायर्कलाप का प्रशासन
administration of the affairs of the Union,,"art. 78(a), Const.",संघ के कायर्कलाप का प्रशासन
administration of the estate,,"s. 71(1)(d), Presidency-towns Insolvency Act",सपंदा का प्रशासन
administration of the Union territories,,"art. 239, margin, Const.",संघ राज् य�ेत्र� का प्रशासन
administration of trust,,"s. 92(1), C.P.C.",न् यास का प्रशासन
administration suit,"a suit to secure due administration of any property, particularly that of a deceased person","Or. 20, r. 13(2), C.P.C.",प्रशासन वाद
administrative,pertaining to administration; executive as distin,- guished from judicial,
administrative ability,,,प्रशास�नक योग् यता
administrative affairs,,"sch., item 17(2)(v), Aligarh Muslim University Act",प्रशास�नक मामले
administrative approval,,,प्रशास�नक अनुमोदन
administrative authority,,,प्रशास�नक प्रा�धकार�
administrative capacity,,"s. 2(e), Payment of Gratuity Act",प्रशास�नक है�सयत
administrative charge,,,प्रशास�नक प्रभार
administrative control,,,प्रशास�नक �नयंत्रण
administrative convenience,,,प्रशास�नक सु�वधा
administrative departments,,,प्रशास�नक �वभाग
administrative expenses,,"s. 18(2)(b), Oil Industry (Development) Act and art. 146(3), Const.",प्रशास�नक व् यय
administrative experience,,"s. 3(2)(f), Water (Prevention and Control of Pollution) Act",प्रशास�नक अनुभव
administrative head,,,प्रशास�नक प्रधान
administrative instructions,,,प्रशास�नक अनुदेश
administrative officer,,,प्रशास�नक अ�धकार�
administrative powers,,,प्रशास�नक शक् �तया ं
administrative sanction,,,प्रशास�नक मजूंर�
Indian,,,भारतीय प्रशास�नक सेवा
administrative staff college,,,प्रशास�नक स् टाफ कालेज
administrative system,,,प्रशास�नक प्रणाल�
administrative tribunals,,"art. 323A, margin, Const.",प्रशास�नक अ�धकरण
administrative unit,,"s. 6(3)(b), Two-Member Constituencies (Abolition) Act",प्रशास�नक इकाई
administratively subordinate,,"s. 195(2), Cr. P.C.",प्रशास�नक तौर पर अधीनस् थ
administrator,a person appointed by court to administer the estate when there is no executor; one who administers; one who has the faculty of organising,"s. 2(i), Wealth-tax Act",प्रशासक
character of,,"s. 335(2), Indian Succession Act",प्रशासक क� है�सयत
Administrator General,,"s. 160(iii), Income-tax Act",महाप्रशासक (एड�म�नस् टे्रटर जनरल)
administrator of Union territories,,"s. 133(vi), C.P.C.",संघ राज् य�ेत्र� का प्रशासक
administratrix,,"Or. 31, r. 3, C.P.C.",प्रशा�सका
admiral,,"s. 3(8), Navy Act",एड�मरल
admiral of the fleet,,"s. 3(8), Navy Act",फ्ल�ट एड�मरल
admiralty,1. the maritime branch of the administration of justice,"s. 41, Indian Evidence Act",नाव�धकरण
admiralty jurisdiction,,"s. 140(1), C.P.C.",नाव�धकरण �वषयक अ�धका�रता
admissibility,allowability as judicial proof; the quality of being admissible,"sch. I, app. C, form No. 10, C.P.C.",ग्राह्ययता
admissibility of allowance,,,भ�े क� स् वीकायर्ता
admissible,1. allowable as judicial proof; worthy of being admitted or received,"s. 197, I.P.C",ग्राह्य
admissible in evidence,,"s. 42(2), Indian Stamp Act",सा� य म� ग्राह्य
admissible in proof,,"s. 82, Indian Evidence Act",सा�बत करने के �लए ग्राह्य
admission,1. the admitting of anything as true,"s. 17, Indian Evidence Act",स् वीकृ�त
admission and rejection of proof,,"s. 48, Presidency-towns Insolvency Act",सबूत का ग्रहण और अग्रहण
admission committee,,"s. 29(1)(m), Aligarh Muslim University Act",प्रवेश स�म�त
admission fee,,,प्रवेश शुल् क
admission form,,,प्रवेश पत्र
admission into prison,,"s. 177(f), Army Act",कारागार म� प्रवेश
admission of appeal,the acceptance by court of an appeal for the purpose of consideration,"Or. 41, r. 9, C.P.C.",अपील का ग्रहण
admission of fact,,"Or. 12, r. 5, C.P.C.",तथ् य क� स् वीकृ�त
admission of parties,,"Or, 35, r. 4(2), C.P.C.",प�कार� क� स् वीकृ�त
admission of petition,,"s. 51(1), Provincial Insolvency Act",अज� को ग्रहण करना
admission of plaint,,"s. 18, Provincial Inslovency Act",वादपत्र को ग्रहण करना
admission of students,,"s. 17(1 )(a), Jawaharlal Nehru University Act and s. 7, prov., North-Eastern Hill University Act",छात्र� का प्रवेश
admission or establishment of new States,,"art. 2, margin, Const.",नए राज् य� का प्रवेश या स् थापना
admission standards,,"s. 33(2)(a), Institutes of Technology Act",प्रवेश स् तर
admit,1. to accept for the purpose of consideration,,ग्रहण करना
admit a plaint,,"s. 19(1), Provincial Small Cause Courts Act",�कसी वादपत्र को ग्रहण करना
admit an application,,"s. 119(2)(b), Income-tax Act",आवेदन ग्रहण करना
admit as a minor,allow to join,(a firm) as a minor,
admit document,,"Or. 12, r. 2, C.P.C.",दस् तावेज को स् वीकार करना
admit into the Union,,"art. 2, Const.",संघ म� प्रवेश
words,,"s. 80, Indian Succession Act",शब् द� के एक से अ�धक उपयोजन हो सकते ह�
admit the execution,,"s. 35(1)(a), Registration Act",�नष् पादन को स् वीकार करना
admit the truth,,"Or. 12. r. I, C.P.C.",सत् यता को स् वीकार करना
admit to bail,,"s. 51(1), Cr. P. C",जमानत लेना
admit to proof,,"s. 431(a), Companies Act",सबूत प्र�क्रया म� सम् �म�लत करना
admit to proof against the estate of the insolvent,,"s. 431(a), Companies Act",�दवा�लए क� सपंदा �वषयक सबूत प्र�क्रया म� सम् �म�लत करना
admit to the benefits,,"s. 30(1), Indian Partnership Act",फायद� म� सम् �म�लत करना
admit to the privileges of the university,,,�वश् व�वद्यालय के �वशषेा�धकार देना
admits of compensation in money,,"s. 12(2), Specific Relief Act",धन के रूप म� प्र�तकर हो सकता है
admittance,entrance,"s. 47(2), Cr. P.C.",प्रवेश
admitted claim,,"s. 24, Coal Mines (Nationalisation) Act",स् वीकृत दावा
admitted in evidence,,"s. 56, Dekkan Agriculturists",'
may be,,"s. 24(2), Advocates Act",प्र�वष् ट �कया जा सकता है
s claim,,"Or. 5, r. 1, C.P.C.",वाद� का दावा स् वीकृत कर �लया
admitted to probate,,"s. 91, excep. 2, Indian Evidence Act",प्रोबेट �मला है
admitted to registration,,,रिजस् ट्र�करण के �लए गहृ�त
admitting or appointing members,,"s. 7(1), Institutes of Technology Act",सदस् य� को प्रवेश देना या उनक� �नयुक् �त करना
admixture,,"s. 6(1), Indian Power Alcohol Act",अ�ध�मश्रण
admonition,an expression of authoritative warning; a gentle reproof to a convict in lieu of punishment,"s. 21(1)(a), Children Act",भत् र्सना
adolescent,a person in a age of adolescence i.e. grown from childhood to maturity,"s. 2(1)(a), Mines Act and s. 2(a), Minimum Wages Act",कुमार
adopt,1. to take as one,,'
adopt policy,,"s. 80C(2)(b), expln. (ii), Income-tax Act",पा�लसी को अंगीकृत करना
adopted children,,"s. 27(7)(ii), Estate Duty Act",द�क संतान
adopted son,,"s. 7, Hindu Minority and Guardianship Act",द�क पुत्र
adoption,1. the action of adopting a child,"s. 2(a), Indian Majority Act and s. 3(20) General Clauses Act",द�क ग्रहण
adoption deed,,"sch. I, item 3, Indian Stamp Act",द�क �वलेख
give in,,"s. 9, Hindu Adoptions and Maintenance Act",द�क देना
adoption of or succession to the title,,"s. 303, expln. (3)(i), Companies Act",उस अ�भनाम को अपनाना या उस अ�भनाम को उ�रा�धकार म� पाना
adoption of text,,,पाठ को अंगीकार करना
take in,,"s. 7, Hindu Adoptions and Maintenance Act",द�क लेना
adoptive family,,"s. 12, Hindu Adoptions and Maintenance Act",द�क कुटंुब
adoptive father,the father who has taken a child in adoption,"s. 3(20), General Clauses Act",द�क �पता
adoptive mother,the mother who has taken a child in adoption,"s, 7, Hindu Minority and Guardianship Act",द�क माता
adoptor,,,द�कग्रह�ता
personal,,"s. 2(6), Gold (Control) Act",शार��रक अलंकरण
adrema operator,,,एड्रमेा प्रचालक
adrift,,"s. 45(1), Indian Forest Act",बहती हुई
adult,having reached the age of maturity,"s. 2(a), Beedi and Cigar Workers (Conditions of Employment) Act",वयस् थ
adult consumption unit,,"s. 18, expln. 2, Beedi and Cigar Workers (Conditions of Employment) Act",वयस् थ उपभोग इकाई
adult education,,,प्रौढ़ �श�ा
Adult Education Officer,,,प्रौढ़ �श�ा अ�धकार�
adult franchise,,,वयस् क मता�धकार
adult male member of the family,,"Or. 5, r. 15, C.P.C.",कुटंुब का वयस् थ पुरुष सदस् य
adult member,,"s. 140(b), Income-tax Act",वयस् क सदस् य
adult messenger,,,वयस् क संदेशवाहक
adult school teacher,,,प्रौढ़ �वद्यालय �श�क
adult suffrage,,"s. 4(2), Manipur (Hill Areas) District Councils Act",वयस् क मता�धकार
adult worker,,"s. 52(1), Factories Act",वयस् थ कमर्कार
adulterant,that with which anything is adulterated,"s. 2(i), Prevention of Food Adulteration Act",अपद्रव् य
adulterate,"to corrupt, debase or make impure by the addition of a foreign substance","s. 272, I.P.C.",अप�म�श्रत करना
adulterated,,"s. 2(i), Prevention of Food Adulteration Act",अप�म�श्रत
adulterated drug,,"s. 10(bb), Drugs and Cosmetics Act",अप�म�श्रत ओष�ध
adulteration,the action of adulterating; the condition of being so adulterated; an adulterated substance,"s. 272, I.P.C.",अप�मश्रण
adulteration of food and drugs,,"s. 39(1)(iv), Cr. P.C.",खाद्य और ओष�धय� का अप�मश्रण
adulterer,one who has sexual intercourse with a person who is and whom he knows or has reason to believe to be the wife of another man without the consent or connivance of that man,"s. 41(2)(a), Special Marriage Act",जारकम�
adultery,,"s. 497, I.P.C.",जारकमर्
live in,,,जारता क� दशा म� रहना
advance,"1. money in whole or in part, forming the consideration of an agreement paid before the same is completely payable","s. 13(d), Indian Partnership Act",अ�धदाय (एडवांस)
advance accounts,,,अ�ग्रम लेखे
advance copy,,,अ�ग्रम प्र�त
advance deposit,,"s. 280B(2), Income-tax Act",अ�ग्रम �न�ेप
advance entry,,,अ�ग्रम प्र�वष् �ट
forest,,,वन अ�ग्रम
future,,,भ�वष् यत ्उधार
advance increment,,,अ�ग्रम वेतनवदृ्�ध
advance knowledge,,"s. 4, North-Eastern Hill University Act",�ान क� वदृ्�ध
advance money,to make payment of money in advance,"s. 415, expln., ill. (g), I.P.C.",अ�ग्रम धन देना
advance of pay,,,अ�ग्रम वेतन
advance or loan,,"s. 2(22)(e), Income-tax Act",अ�ग्रम या उधार
advance payment,,"s. 190(1), Income-tax Act",अ�ग्रम सदंाय
permanent,,,स् थायी अ�ग्रम
repayable,,,प्र�तसंदेय अ�ग्रम
advance ruling,,"s. 245N(a), Income-tax Act, s. 28E, Customs Act",अ�ग्रम �व�नणर्य
takavi works,,,तकावी सकंमर् अ�ग्रम
advance tax,,"ss. 2(37A)(i) and 139(8), Income-tax act",अ�ग्रम कर
advanced accountancy,,,उन् नत लेखाकमर्
advanced banking,,,उन् नत ब�ककार�
advanced by way of loan,,"s. 58(a), T.P. Act",उधार के तौर पर �दए गए
advanced computer system,,,उन् नत कंप् यूटर प्रणाल�
advanced study and research,,"s. 29(1)(m), Aligarh Muslim University Act",उच् च अध् ययन एवं अनुसंधान
advanced training,,,उच् च प्र�श�ण
advancement,1. the promotion in life,"s. 41, Indian Trusts Act",उन् न�त
advancement by new discovery,,"s. 14, Prevention of Cruelty to Animals Act",नई खोज द्वारा समुन् न�त
advancement in life,promotion in life,"s. 41, Indian Trusts Act",जीवन म� उन् न�त करना
advancement of any other object,,"s. 2(va), Gift-tax Act, s. 18, T.P. Act and s. 2, Charitable Endowments Act",�कसी अन् य उद्देश् य को अग्रसर करना
advancement of commerce,,"s. 18, T.P. Act",वा�णज् य को अग्रसर करना
plea of,"it is for the plaintiff to prove malice besides the other two ingredients of the wrong, viz. conspiracy and damage, but if the defendants had combined and willfully caused damage, it will be for them to prove that their sole or predominant motive was the advancement of their own interests and not to injure the plaintiff",,प्र�तवाद� के �हत क� अ�भवदृ्�ध का अ�भवाक्
advancement of learning,,"s. 16(2)(a), Rampur Raza Library Act",�वद्या का अ�भवधर्न
advancement of public justice,,"s. 300, expln. 3, I.P.C.",लोक न् याय क� अग्रसरता
advancement of religion,,"s. 18, T.P. Act",धमर् को अग्रसर करना
safety or any other object beneficial to mankind,,"s. 18, T.P. Act","धमर्, �ान, वा�णज् य, स् वास् थ् य, �ेम को या मानव जा�त के �लए फायदाप्रद �कसी अन् य उद्देश् य को अग्रसर करना"
advances or debits,,"s. 79, T.P. Act",उधार या �वकलन
advances to contractors,,,ठेकेदार� को अ�ग्रम
advances to distributors,,,सं�वतरक� को अ�ग्रम
advantage,"benefit, profit or gain of any kind","s. 268, I.P.C.",भलाई
advantage gained by fiduciary,,"s. 88, Indian Trusts Act",वैश् वा�सक द्वारा उठाया गया फायदा
take,,"s. 300, excep. (4), I.P.C.",लाभ उठाना
adventure,a pecuniary venture,"s. 2(13), Income-lax Act",प्रोद्यम
s advocate,,s. 27. Legal Practitioners Act,प्र�तप�ी का अ�धवक् ता
adverse,acting in a contrary direction; opposing,"Or. 32, r. 4(1), C.P.C.",प्र�तकूल
adverse claimant,,"s. 32(2)(b), Land Acquisition Act",प्र�तकूल दावेदार
adverse distinction,,"sch., art. 16, Geneva Conventions Act",प्र�तकूल �वभेद
adverse entry,,,प्र�तकूल प्र�वष् �ट
adverse party,,"ss. 33, 66, prov. (2), and 161, Indian Evidence Act",प्र�तप�ी
adverse possesion,,"s. 53(2), Estate Duty Act",प्र�तकूल कब् जा
adverse remark,,"s. 217(3), Companies Act",प्र�तकूल �टप् पण
adverse report,,,प्र�तकूल �रपोटर्
adverse to that of the minor,,"Or. 32. r. 4(1), prov., C.P.C.",अप्राप् तवय के �हत के प्र�तकूल
adverse to the title,,"s. 34, expln., Specific Relief Act",हक के प्र�तकूल
adversely,being in a contrary direction,"s. 88, C.P.C.",के प्र�तकूल
adversely affect the revenue,,"s. 34A(2), Wealth-tax Act",राजस् व पर प्र�तकूल प्रभाव पड़ना
advertise,"to make publicly known by announcement in a journal, paper etc.","s. 55(2), Indian Partnership Act",�व�ापन करना
advertised for sale,,"s. 69, ill, Indian Contract Act and Or. 21, r. 58(2), C.P.C.",�वक्रय के �लए �व�ा�पत
advertised sale,,,�व�ा�पत �वक्रय
advertised tender,,,�व�ा�पत �न�वदा
advertisement,the action of advertising; a public notice or announcement of a thing,"s. 171H, I.P.C.",�व�ापन
advertisement assistant,,,�व�ापन सहायक
advertisement manager,,,�व�ापन प्रबंधक
advertisement of the assignment,,,समनुदेशन का �व�ापन
advertisement shall be inserted in some newspaper,,"s. 158(2), Companies Act",�व�ापन �कसी समाचारपत्र म� अंत:स् था�पत �कया जाएगा
advertisement shorts,,"1st sch., Item 37, sub-item II(iii), Central Excises Act",लघु �व�ापन �फल् म
advertising consultant,,"s. 2(b)(v), Collection of Statistics Act",�व�ापन परामश�
advice,an opinion given or offered as to action,"s. 69A(10), T.P. Act",सलाह
advice note,,,सूचनापत्र
advice of despatch,,,पे्रषण क� सचूना
advice of payment,,,सदंाय क� सूचना
advice or concurrence,,,सचूना या सहम�त
advice slip,,,सचूना पच�
advisability,,"s. 64, prov., Arbitration and Conciliation Act",उपयुक् तता
advise,to give advice,,सलाह देना
adviser,one who gives advice or counsel; one who advises; one designated to give advice,"s. 129, Indian Evidence Act and",
honorary,,,अवैत�नक सलाहकार
housing,,,आवास सलाहकार
adviser of factories,,,कारखाना सलाहकार
press,,,पे्रस सलाहकार
soil conservation,,,भू�म सरं�ण सलाहकार
advisory board,,"s. 2(b), Delhi School Education Act",सलाहकार बोडर्
central,,,क� द्र�य �श�ा सलाहकार बोडर्
advisory committee,,"s. 54B, Inland Vessels Act",सलाहकार स�म�त
advisory council,,"s. 3(a), Industries (Development and Regulation) Act",सलाहकार प�रषद्
central,,,क� द्र�य सलाहकार प�रषद्
advisory service,,,सलाहकार सेवा
advocacy,,,वकालत
advocate,1. one who is qualified to plead before the higher courts of law,"s. 2(a), Advocates Act",अ�धवक् ता (एडवोकेट)
associate,,,सहयुक् त अ�धवक् ता
advocate entitled to practise,,,�व�ध व् यवसाय करने के �लए हकदार अ�धवक् ता
General,,"s. 92(1), C.P.C.",महा�धवक् ता (एडवोकेट जनरल)
Advocate General for the State,,"art. 165, margin, Const.",राज् य का महा�धवक् ता
Government,,,सरकार� अ�धवक् ता
advocate maintained,,,अ�धवक् ता इसी बात पर डटे रहे
advocate on record,,,अ�भलेख अ�धवक् ता
vakil or attorney,,"s. 11(c), Indian Stamp Act and s. 76, Presidency Small Cause Courts Act","अ�धवक् ता, वक�ल या अटन�"
advocating the object,,"s. 10, ill., Indian Evidence Act",उद्देश् य का प�पोषण करना
aerated or other potable water,,"s. 282(15), Cantonments Act",वा�तत या अन् य पेय जल
aerated water,,"sch. I, Employees",’
aerial nevigation,,"s. 3(1)(o)(i), Civil Defence Act",�वमान संचालन
aerial ropeways,,"s. 2(1)(j)(v), Mines Act",आकाशी रज् जुमागर्
aerial survey,,"s. 18(1)(d), Air Corporations Act",आकाशी सव��ण
aero engine,,"sch., para II(b), Air Corporations Act",वायव इंजन
aerodrome,,"s. 2(1)(a)(iii), Essential Services Maintenance Act and s. 2(2), Aircraft Act","�वमान �ेत्र, हवाई अड्डा (�वमान �नलयम)्"
aerodrome of departure or destination,,"sch. I, r. 12(1), Carriage by Air Act",प्रस् थान का या गंतव् य �वमान-�ेत्र
aeronautical communication,,"s. 12(5), International Airports Authority Act",वैमा�नक संचार
aeroplane,,"s. 4(ii), Air Force Act",�वमान
aesthetic,,"s. 20(2)(ii), Antiquities and Art Treasures Act",स�दयर् संबंधी
aesthetic quality of surroundings,,"s. 11(1), Delhi Urban Art Commission Act",आसपास क� स�दयर्परकता
aesthetic quality of urban and environmental design,,"preamble, Delhi Urban Art Commission Act",नगर�य और पयार्वरणीय स् वरूप क� स�दयर्परकता
aesthetic value,,"s. 2(l)(a)(ii), Antiquities and Art Treasures Act",स�दयर् क� दृष् �ट से महत् व
affairs,"1. business of any kind, commercial, professional or public","s. 44(d), Indian Partnership Act",कामकाज
affairs and business,,"s. 9(1), Unit Trust of India Act",मामले और कारबार
affairs in matters of religion,,"art. 26(b), Const.",धमर् �वषयक कायर्
maritime,,"s. 37(2), Inland Vessels Act",समुद्र�य कामकाज
affairs of company,,"ss. 2(24) and 3(3), Indian Iron and Steel Company (Taking Over of Management) Act",कंपनी के कायर्कलाप
affairs of customers,,"s. 251(b), Companies Act",व् यवहा�रय� के कायर्कलाप
shall be deemed to affairs of factory,,"s. 2(n), Factories Act",कारखाने के कामकाज
affairs of family,matters of interest or concern to the family,"s. 32(6), Indian Evidence Act",कुटंुब क� बात�
affairs of management,,,प्राबं�धक कायर्कलाप
affairs of State,matters of public nature with which the State is concerned,"s. 123, Indian Evidence Act",राज् य के कायर्कलाप
affairs of the firm,,"s. 44(d), Indian Partnership Act",फमर् के कामकाज
affairs of undertaking,,"s. 28(a), Sick Texitle Undertakings (Nationalisation) Act",उपक्रम के कायर्कलाप
affairs of the Union,,"s. 6(1)(a), Prevention of Corruption Act",संघ के मामले
affairs of the university,,"s. 12(2), North-Eastern Hill University Act",�वश् व�वद्यालय के कायर्कलाप
affect,to act or produce an effect upon,"ss. 2 and 5, T.P. Act",प्रभाव डालना
affect injuriously,,"s. 25, I. P.C.",��तकारक प्रभाव पड़ना
affect prejudicially,,"s. 51(b)(ii), Copyright Act",प्र�तकूल प्रभाव पड़ना
